order_item_id,order_id,product_id,quantity,unit_price,discount
OI000001,ORD00001,P0024,4,177.45,0.23
OI000002,ORD00001,P0025,4,499.99,0.05
OI000003,ORD00001,P0038,2,258.77,0.16
OI000004,ORD00002,P0005,6,439.43,0.19
OI000005,ORD00002,P0077,7,85.58,0.05
OI000006,ORD00002,P0089,10,406.43,0.05
OI000007,ORD00002,P0057,1,211.32,0.2
OI000008,ORD00002,P0031,8,309.19,0.23
OI000009,ORD00003,P0030,9,127.19,0.29
OI000010,ORD00003,P0061,4,190.24,0.28
OI000011,ORD00003,P0057,8,387.02,0.23
OI000012,ORD00003,P0065,9,215.14,0.05
OI000013,ORD00004,P0078,3,437.77,0.02
OI000014,ORD00004,P0062,6,281.72,0.03
OI000015,ORD00005,P0016,5,51.1,0.05
OI000016,ORD00005,P0058,9,82.2,0.13
OI000017,ORD00005,P0029,8,443.47,0.28
OI000018,ORD00005,P0054,1,204.26,0.11
OI000019,ORD00005,P0050,2,193.71,0.01
OI000020,ORD00006,P0092,6,397.78,0.04
OI000021,ORD00007,P0061,3,381.83,0.14
OI000022,ORD00007,P0079,1,453.87,0.01
OI000023,ORD00007,P0028,3,278.91,0.22
OI000024,ORD00008,P0055,2,390.32,0.07
OI000025,ORD00008,P0016,1,126.84,0.19
OI000026,ORD00008,P0080,8,40.78,0.25
OI000027,ORD00008,P0064,10,272.67,0.19
OI000028,ORD00008,P0074,4,362.09,0.09
OI000029,ORD00009,P0079,6,127.88,0.12
OI000030,ORD00010,P0068,6,43.16,0.16
OI000031,ORD00011,P0065,9,19.96,0.26
OI000032,ORD00011,P0006,7,490.71,0.08
OI000033,ORD00011,P0003,6,396.37,0.1
OI000034,ORD00011,P0094,2,388.04,0.22
OI000035,ORD00011,P0043,3,31.72,0.16
OI000036,ORD00012,P0100,8,490.6,0.14
OI000037,ORD00012,P0024,3,40.92,0.23
OI000038,ORD00013,P0005,5,108.78,0.24
OI000039,ORD00013,P0006,6,467.35,0.15
OI000040,ORD00013,P0070,8,134.12,0.23
OI000041,ORD00013,P0025,5,184.92,0.23
OI000042,ORD00014,P0035,2,401.68,0.13
OI000043,ORD00014,P0052,8,448.37,0.12
OI000044,ORD00014,P0024,8,349.11,0.11
OI000045,ORD00015,P0035,2,366.27,0.02
OI000046,ORD00015,P0078,3,277.28,0.1
OI000047,ORD00015,P0011,6,333.85,0.09
OI000048,ORD00015,P0078,7,91.66,0.13
OI000049,ORD00015,P0058,1,366.14,0.27
OI000050,ORD00016,P0056,5,323.34,0.24
OI000051,ORD00016,P0008,2,338.88,0.12
OI000052,ORD00016,P0066,3,476.87,0.04
OI000053,ORD00016,P0078,8,27.05,0.02
OI000054,ORD00016,P0100,6,187.45,0.28
OI000055,ORD00017,P0078,3,342.74,0.28
OI000056,ORD00018,P0057,2,291.22,0.16
OI000057,ORD00018,P0051,6,328.28,0.07
OI000058,ORD00018,P0015,1,370.48,0.15
OI000059,ORD00019,P0072,2,138.27,0.08
OI000060,ORD00019,P0058,4,498.22,0.09
OI000061,ORD00019,P0063,4,70.09,0.26
OI000062,ORD00019,P0058,3,450.35,0.13
OI000063,ORD00020,P0088,6,337.24,0.21
OI000064,ORD00021,P0070,5,446.75,0.26
OI000065,ORD00021,P0092,3,398.91,0.15
OI000066,ORD00021,P0016,4,398.11,0.07
OI000067,ORD00021,P0064,1,186.84,0.17
OI000068,ORD00021,P0060,9,73.59,0.27
OI000069,ORD00022,P0040,7,499.8,0.22
OI000070,ORD00023,P0053,7,413.44,0.02
OI000071,ORD00023,P0041,2,230.49,0.2
OI000072,ORD00023,P0045,3,440.2,0.23
OI000073,ORD00023,P0082,10,99.16,0.29
OI000074,ORD00023,P0056,9,456.25,0.02
OI000075,ORD00024,P0067,3,159.02,0.05
OI000076,ORD00025,P0045,9,448.51,0.25
OI000077,ORD00025,P0033,4,321.18,0.17
OI000078,ORD00026,P0081,5,311.07,0.03
OI000079,ORD00026,P0083,3,299.99,0.17
OI000080,ORD00027,P0085,10,363.11,0.18
OI000081,ORD00027,P0073,1,414.37,0.01
OI000082,ORD00028,P0083,10,139.68,0.06
OI000083,ORD00029,P0054,10,323.11,0.15
OI000084,ORD00029,P0081,9,151.94,0.29
OI000085,ORD00029,P0062,4,404.3,0.21
OI000086,ORD00029,P0039,8,45.76,0.02
OI000087,ORD00029,P0057,7,247.28,0.06
OI000088,ORD00030,P0019,6,432.13,0.1
OI000089,ORD00030,P0045,7,74.08,0.11
OI000090,ORD00030,P0072,2,166.37,0.14
OI000091,ORD00030,P0035,8,131.48,0.03
OI000092,ORD00030,P0038,7,433.44,0.13
OI000093,ORD00031,P0042,10,363.35,0.06
OI000094,ORD00031,P0021,8,498.03,0.14
OI000095,ORD00032,P0064,1,54.12,0.12
OI000096,ORD00032,P0059,4,115.42,0.11
OI000097,ORD00032,P0007,5,252.5,0.26
OI000098,ORD00033,P0037,9,14.01,0.03
OI000099,ORD00033,P0018,5,366.48,0.23
OI000100,ORD00033,P0047,1,206.28,0.17
OI000101,ORD00033,P0025,6,281.08,0.02
OI000102,ORD00034,P0058,9,147.06,0.3
OI000103,ORD00034,P0088,10,68.22,0.29
OI000104,ORD00034,P0051,6,399.5,0.1
OI000105,ORD00034,P0047,3,107.54,0.15
OI000106,ORD00034,P0065,1,32.2,0.04
OI000107,ORD00035,P0061,9,233.92,0.18
OI000108,ORD00035,P0066,3,170.7,0.18
OI000109,ORD00035,P0021,7,495.4,0.22
OI000110,ORD00036,P0076,6,258.58,0.15
OI000111,ORD00036,P0063,10,156.9,0.24
OI000112,ORD00036,P0048,6,340.17,0.29
OI000113,ORD00037,P0040,1,302.49,0.08
OI000114,ORD00037,P0084,10,293.04,0.22
OI000115,ORD00037,P0075,8,93.55,0.19
OI000116,ORD00037,P0080,7,82.41,0.2
OI000117,ORD00037,P0005,10,474.62,0.03
OI000118,ORD00038,P0057,6,215.2,0.12
OI000119,ORD00039,P0053,9,389.74,0.28
OI000120,ORD00039,P0095,1,355.83,0.16
OI000121,ORD00040,P0042,8,267.48,0.09
OI000122,ORD00040,P0023,8,456.94,0.1
OI000123,ORD00040,P0046,5,308.94,0.06
OI000124,ORD00040,P0032,5,283.46,0.07
OI000125,ORD00040,P0039,5,355.4,0.21
OI000126,ORD00041,P0041,8,180.91,0.28
OI000127,ORD00041,P0093,5,151.02,0.17
OI000128,ORD00041,P0070,7,448.92,0.12
OI000129,ORD00041,P0045,3,152.32,0.09
OI000130,ORD00042,P0045,8,331.43,0.22
OI000131,ORD00043,P0026,9,142.86,0.17
OI000132,ORD00043,P0035,3,63.52,0.22
OI000133,ORD00044,P0032,1,338.22,0.16
OI000134,ORD00044,P0082,4,35.72,0.12
OI000135,ORD00045,P0013,3,12.54,0.17
OI000136,ORD00045,P0021,7,329.92,0.26
OI000137,ORD00045,P0061,8,328.76,0.23
OI000138,ORD00045,P0037,6,149.85,0.02
OI000139,ORD00046,P0084,10,123.79,0.22
OI000140,ORD00047,P0023,7,442.3,0.05
OI000141,ORD00048,P0051,8,101.29,0.22
OI000142,ORD00049,P0005,1,156.21,0.18
OI000143,ORD00049,P0043,5,232.63,0.19
OI000144,ORD00049,P0068,8,445.74,0.04
OI000145,ORD00050,P0060,5,104.48,0.03
OI000146,ORD00050,P0021,8,327.66,0.22
OI000147,ORD00050,P0002,6,397.48,0.17
OI000148,ORD00050,P0097,4,95.99,0.26
OI000149,ORD00050,P0052,7,262.49,0.03
OI000150,ORD00051,P0024,3,243.95,0.28
OI000151,ORD00052,P0034,7,125.41,0.23
OI000152,ORD00053,P0039,10,364.21,0.0
OI000153,ORD00053,P0084,6,349.46,0.02
OI000154,ORD00053,P0016,8,160.34,0.12
OI000155,ORD00054,P0091,5,348.24,0.19
OI000156,ORD00054,P0038,6,311.17,0.07
OI000157,ORD00054,P0018,8,85.06,0.22
OI000158,ORD00054,P0078,6,213.76,0.16
OI000159,ORD00054,P0061,9,402.98,0.25
OI000160,ORD00055,P0088,10,437.84,0.02
OI000161,ORD00055,P0058,9,354.85,0.02
OI000162,ORD00056,P0015,1,416.1,0.27
OI000163,ORD00056,P0026,10,272.96,0.05
OI000164,ORD00056,P0067,8,66.96,0.06
OI000165,ORD00056,P0075,8,54.56,0.15
OI000166,ORD00056,P0008,8,74.65,0.12
OI000167,ORD00057,P0008,9,236.57,0.24
OI000168,ORD00057,P0093,1,204.01,0.24
OI000169,ORD00057,P0096,4,293.37,0.01
OI000170,ORD00057,P0045,2,275.17,0.02
OI000171,ORD00057,P0009,8,25.55,0.12
OI000172,ORD00058,P0099,7,193.49,0.27
OI000173,ORD00058,P0058,7,194.07,0.2
OI000174,ORD00059,P0018,6,68.13,0.3
OI000175,ORD00059,P0051,9,72.4,0.29
OI000176,ORD00059,P0001,1,489.46,0.14
OI000177,ORD00059,P0093,9,217.82,0.11
OI000178,ORD00059,P0030,4,235.71,0.05
OI000179,ORD00060,P0093,2,25.79,0.2
OI000180,ORD00060,P0079,1,127.93,0.02
OI000181,ORD00061,P0005,8,302.91,0.21
OI000182,ORD00061,P0007,4,372.87,0.12
OI000183,ORD00061,P0030,9,116.46,0.26
OI000184,ORD00061,P0008,3,256.91,0.09
OI000185,ORD00061,P0094,10,166.26,0.18
OI000186,ORD00062,P0031,5,439.37,0.3
OI000187,ORD00062,P0067,4,212.64,0.08
OI000188,ORD00062,P0072,10,441.06,0.27
OI000189,ORD00063,P0072,8,32.97,0.1
OI000190,ORD00063,P0083,7,395.04,0.1
OI000191,ORD00063,P0054,7,83.12,0.11
OI000192,ORD00063,P0097,9,242.02,0.25
OI000193,ORD00064,P0091,3,404.83,0.27
OI000194,ORD00064,P0072,7,484.22,0.17
OI000195,ORD00064,P0018,7,129.0,0.06
OI000196,ORD00065,P0058,6,55.31,0.22
OI000197,ORD00066,P0007,5,194.81,0.18
OI000198,ORD00066,P0006,2,102.2,0.23
OI000199,ORD00067,P0028,8,112.36,0.27
OI000200,ORD00067,P0039,1,113.79,0.06
OI000201,ORD00067,P0095,2,375.97,0.23
OI000202,ORD00067,P0032,10,354.85,0.12
OI000203,ORD00067,P0031,9,167.59,0.08
OI000204,ORD00068,P0069,6,161.13,0.11
OI000205,ORD00068,P0064,8,58.32,0.29
OI000206,ORD00068,P0061,6,458.02,0.11
OI000207,ORD00068,P0053,1,285.64,0.07
OI000208,ORD00069,P0003,5,281.12,0.18
OI000209,ORD00069,P0093,7,154.64,0.06
OI000210,ORD00070,P0049,10,418.35,0.15
OI000211,ORD00070,P0084,6,136.09,0.25
OI000212,ORD00071,P0059,3,369.06,0.11
OI000213,ORD00071,P0018,9,249.27,0.28
OI000214,ORD00071,P0070,1,266.73,0.25
OI000215,ORD00071,P0010,1,384.53,0.12
OI000216,ORD00072,P0009,3,14.48,0.15
OI000217,ORD00072,P0048,1,312.74,0.2
OI000218,ORD00073,P0062,8,17.71,0.16
OI000219,ORD00073,P0053,1,18.2,0.22
OI000220,ORD00073,P0069,5,18.4,0.24
OI000221,ORD00073,P0087,7,405.02,0.27
OI000222,ORD00073,P0014,2,266.95,0.07
OI000223,ORD00074,P0068,5,409.46,0.08
OI000224,ORD00074,P0051,2,192.8,0.12
OI000225,ORD00074,P0073,4,495.21,0.07
OI000226,ORD00074,P0088,2,330.33,0.26
OI000227,ORD00074,P0098,1,55.82,0.11
OI000228,ORD00075,P0061,1,322.01,0.21
OI000229,ORD00075,P0011,8,424.21,0.19
OI000230,ORD00075,P0043,10,488.89,0.29
OI000231,ORD00075,P0068,1,122.59,0.27
OI000232,ORD00075,P0089,10,243.0,0.01
OI000233,ORD00076,P0088,5,450.66,0.17
OI000234,ORD00077,P0023,6,17.67,0.06
OI000235,ORD00078,P0097,7,465.15,0.09
OI000236,ORD00078,P0073,4,287.68,0.25
OI000237,ORD00079,P0043,7,380.25,0.04
OI000238,ORD00079,P0089,2,255.39,0.29
OI000239,ORD00079,P0007,2,224.17,0.25
OI000240,ORD00079,P0044,10,386.81,0.29
OI000241,ORD00079,P0051,6,24.52,0.08
OI000242,ORD00080,P0063,4,184.35,0.28
OI000243,ORD00080,P0056,3,343.05,0.2
OI000244,ORD00080,P0011,10,154.74,0.07
OI000245,ORD00080,P0010,2,141.31,0.11
OI000246,ORD00081,P0095,7,165.17,0.03
OI000247,ORD00081,P0001,5,227.92,0.23
OI000248,ORD00082,P0017,2,101.82,0.13
OI000249,ORD00083,P0066,7,60.61,0.03
OI000250,ORD00083,P0071,2,302.49,0.24
OI000251,ORD00083,P0050,1,153.01,0.12
OI000252,ORD00083,P0011,9,453.55,0.29
OI000253,ORD00083,P0074,9,93.1,0.11
OI000254,ORD00084,P0035,5,141.52,0.04
OI000255,ORD00084,P0022,7,145.22,0.09
OI000256,ORD00085,P0047,5,472.67,0.22
OI000257,ORD00086,P0077,10,105.82,0.03
OI000258,ORD00086,P0039,1,474.92,0.1
OI000259,ORD00086,P0080,7,404.0,0.1
OI000260,ORD00086,P0043,7,409.58,0.26
OI000261,ORD00087,P0018,5,167.13,0.28
OI000262,ORD00087,P0026,8,163.95,0.29
OI000263,ORD00087,P0041,5,370.09,0.19
OI000264,ORD00087,P0074,4,169.68,0.08
OI000265,ORD00087,P0051,6,65.81,0.17
OI000266,ORD00088,P0070,3,344.04,0.17
OI000267,ORD00088,P0094,8,472.06,0.06
OI000268,ORD00088,P0038,2,411.29,0.24
OI000269,ORD00088,P0053,8,78.2,0.09
OI000270,ORD00088,P0033,3,360.47,0.24
OI000271,ORD00089,P0058,10,244.83,0.12
OI000272,ORD00090,P0089,7,276.39,0.24
OI000273,ORD00090,P0047,9,300.97,0.27
OI000274,ORD00090,P0014,4,332.22,0.11
OI000275,ORD00090,P0083,10,31.71,0.3
OI000276,ORD00090,P0087,7,483.74,0.1
OI000277,ORD00091,P0014,1,58.32,0.07
OI000278,ORD00091,P0096,9,283.42,0.21
OI000279,ORD00091,P0029,8,193.32,0.14
OI000280,ORD00091,P0087,10,348.31,0.05
OI000281,ORD00092,P0062,2,154.76,0.28
OI000282,ORD00093,P0015,3,180.68,0.1
OI000283,ORD00094,P0067,8,180.67,0.03
OI000284,ORD00094,P0093,8,166.27,0.09
OI000285,ORD00095,P0003,6,327.51,0.2
OI000286,ORD00096,P0095,4,262.84,0.17
OI000287,ORD00096,P0043,9,218.92,0.14
OI000288,ORD00097,P0081,3,101.33,0.2
OI000289,ORD00097,P0051,1,371.32,0.26
OI000290,ORD00097,P0058,10,220.48,0.0
OI000291,ORD00097,P0028,4,146.39,0.21
OI000292,ORD00098,P0074,2,401.76,0.16
OI000293,ORD00099,P0042,4,234.2,0.08
OI000294,ORD00099,P0063,9,483.3,0.09
OI000295,ORD00099,P0050,10,202.35,0.03
OI000296,ORD00100,P0059,10,94.54,0.2
OI000297,ORD00100,P0039,10,299.18,0.2
OI000298,ORD00100,P0041,2,126.9,0.04
OI000299,ORD00101,P0089,3,260.3,0.13
OI000300,ORD00101,P0018,10,198.02,0.06
OI000301,ORD00101,P0082,9,349.78,0.19
OI000302,ORD00102,P0072,3,249.92,0.04
OI000303,ORD00102,P0041,8,313.51,0.26
OI000304,ORD00103,P0063,3,105.61,0.12
OI000305,ORD00104,P0065,8,210.48,0.15
OI000306,ORD00104,P0091,8,249.46,0.02
OI000307,ORD00104,P0004,4,153.12,0.08
OI000308,ORD00104,P0069,5,92.42,0.14
OI000309,ORD00104,P0096,8,279.37,0.03
OI000310,ORD00105,P0035,9,413.41,0.11
OI000311,ORD00106,P0098,8,277.71,0.3
OI000312,ORD00107,P0095,4,155.88,0.3
OI000313,ORD00108,P0034,6,432.48,0.03
OI000314,ORD00108,P0016,4,112.84,0.22
OI000315,ORD00108,P0089,6,431.91,0.18
OI000316,ORD00108,P0055,3,311.91,0.24
OI000317,ORD00109,P0008,10,181.9,0.08
OI000318,ORD00109,P0069,3,168.59,0.21
OI000319,ORD00110,P0074,5,476.67,0.15
OI000320,ORD00110,P0087,2,76.44,0.23
OI000321,ORD00110,P0053,1,496.32,0.26
OI000322,ORD00111,P0090,3,132.34,0.21
OI000323,ORD00111,P0032,7,249.83,0.17
OI000324,ORD00112,P0081,7,193.83,0.02
OI000325,ORD00112,P0099,2,207.4,0.22
OI000326,ORD00112,P0089,6,232.8,0.15
OI000327,ORD00113,P0001,2,368.16,0.14
OI000328,ORD00113,P0086,6,426.55,0.24
OI000329,ORD00113,P0051,4,484.38,0.25
OI000330,ORD00113,P0064,5,168.2,0.09
OI000331,ORD00113,P0071,10,73.99,0.26
OI000332,ORD00114,P0088,1,32.51,0.19
OI000333,ORD00114,P0059,1,70.88,0.26
OI000334,ORD00114,P0057,8,10.33,0.29
OI000335,ORD00115,P0089,3,442.25,0.09
OI000336,ORD00115,P0036,2,330.75,0.08
OI000337,ORD00116,P0086,3,35.38,0.19
OI000338,ORD00116,P0093,4,220.32,0.03
OI000339,ORD00116,P0013,1,114.58,0.02
OI000340,ORD00117,P0029,9,343.19,0.0
OI000341,ORD00117,P0090,6,410.38,0.3
OI000342,ORD00117,P0055,3,244.07,0.07
OI000343,ORD00117,P0012,2,60.57,0.11
OI000344,ORD00117,P0039,3,197.53,0.24
OI000345,ORD00118,P0083,3,43.52,0.17
OI000346,ORD00118,P0079,3,225.65,0.22
OI000347,ORD00119,P0053,10,346.42,0.26
OI000348,ORD00119,P0012,2,78.61,0.04
OI000349,ORD00120,P0045,7,164.11,0.04
OI000350,ORD00120,P0036,2,131.6,0.18
OI000351,ORD00120,P0093,10,149.61,0.28
OI000352,ORD00120,P0004,5,110.67,0.18
OI000353,ORD00121,P0096,7,154.82,0.02
OI000354,ORD00121,P0031,8,199.08,0.07
OI000355,ORD00122,P0010,9,445.48,0.0
OI000356,ORD00122,P0047,6,74.67,0.26
OI000357,ORD00122,P0073,7,189.05,0.2
OI000358,ORD00122,P0098,8,477.68,0.23
OI000359,ORD00122,P0003,10,43.09,0.08
OI000360,ORD00123,P0008,7,258.24,0.19
OI000361,ORD00124,P0099,7,217.55,0.12
OI000362,ORD00124,P0082,9,273.45,0.05
OI000363,ORD00124,P0011,5,48.72,0.28
OI000364,ORD00124,P0020,9,170.11,0.18
OI000365,ORD00124,P0098,2,161.98,0.13
OI000366,ORD00125,P0008,4,52.24,0.13
OI000367,ORD00125,P0059,10,308.33,0.09
OI000368,ORD00126,P0016,1,356.87,0.21
OI000369,ORD00126,P0021,8,476.98,0.16
OI000370,ORD00127,P0022,6,72.2,0.23
OI000371,ORD00127,P0035,2,388.0,0.01
OI000372,ORD00127,P0055,5,266.69,0.08
OI000373,ORD00128,P0081,2,253.11,0.15
OI000374,ORD00128,P0008,8,431.09,0.05
OI000375,ORD00128,P0021,5,388.93,0.27
OI000376,ORD00128,P0087,2,121.92,0.15
OI000377,ORD00128,P0006,1,129.83,0.14
OI000378,ORD00129,P0020,3,466.27,0.26
OI000379,ORD00129,P0071,7,120.01,0.07
OI000380,ORD00129,P0093,6,142.92,0.02
OI000381,ORD00129,P0048,2,256.0,0.27
OI000382,ORD00130,P0029,9,490.89,0.29
OI000383,ORD00130,P0009,8,434.36,0.23
OI000384,ORD00131,P0042,2,281.01,0.0
OI000385,ORD00131,P0026,5,286.27,0.09
OI000386,ORD00131,P0080,4,237.32,0.18
OI000387,ORD00132,P0099,4,368.91,0.16
OI000388,ORD00132,P0032,3,13.13,0.12
OI000389,ORD00132,P0030,9,179.75,0.25
OI000390,ORD00132,P0002,6,10.72,0.2
OI000391,ORD00133,P0014,4,269.61,0.07
OI000392,ORD00133,P0063,1,486.55,0.04
OI000393,ORD00133,P0036,2,31.51,0.07
OI000394,ORD00134,P0053,6,234.64,0.22
OI000395,ORD00134,P0075,2,257.66,0.19
OI000396,ORD00134,P0051,2,300.03,0.02
OI000397,ORD00134,P0085,3,126.02,0.08
OI000398,ORD00134,P0041,7,353.36,0.22
OI000399,ORD00135,P0058,5,124.47,0.28
OI000400,ORD00135,P0018,10,63.4,0.03
OI000401,ORD00135,P0058,8,163.88,0.04
OI000402,ORD00136,P0099,4,231.44,0.14
OI000403,ORD00136,P0016,2,87.23,0.21
OI000404,ORD00136,P0091,10,29.76,0.25
OI000405,ORD00137,P0019,2,358.47,0.29
OI000406,ORD00137,P0051,9,33.99,0.09
OI000407,ORD00137,P0023,1,476.53,0.26
OI000408,ORD00138,P0096,9,132.43,0.14
OI000409,ORD00138,P0018,2,15.86,0.25
OI000410,ORD00138,P0029,3,107.09,0.12
OI000411,ORD00138,P0088,2,295.34,0.08
OI000412,ORD00138,P0010,1,498.61,0.06
OI000413,ORD00139,P0017,2,453.49,0.25
OI000414,ORD00139,P0043,2,30.92,0.14
OI000415,ORD00139,P0022,10,222.25,0.22
OI000416,ORD00139,P0064,1,197.54,0.13
OI000417,ORD00140,P0028,3,144.74,0.13
OI000418,ORD00140,P0020,1,310.91,0.19
OI000419,ORD00140,P0083,5,254.46,0.26
OI000420,ORD00141,P0008,2,147.09,0.04
OI000421,ORD00141,P0026,9,132.08,0.3
OI000422,ORD00141,P0070,1,494.81,0.23
OI000423,ORD00141,P0046,8,276.81,0.15
OI000424,ORD00142,P0065,6,200.31,0.05
OI000425,ORD00142,P0041,10,117.32,0.27
OI000426,ORD00142,P0100,5,38.71,0.3
OI000427,ORD00142,P0068,6,385.75,0.3
OI000428,ORD00142,P0021,2,131.45,0.07
OI000429,ORD00143,P0095,1,384.38,0.28
OI000430,ORD00143,P0074,7,183.85,0.25
OI000431,ORD00143,P0023,3,125.91,0.1
OI000432,ORD00143,P0095,6,457.85,0.01
OI000433,ORD00143,P0090,6,474.3,0.17
OI000434,ORD00144,P0025,8,275.64,0.05
OI000435,ORD00144,P0005,2,37.52,0.18
OI000436,ORD00144,P0003,9,244.21,0.1
OI000437,ORD00144,P0079,4,405.16,0.1
OI000438,ORD00144,P0023,6,39.18,0.04
OI000439,ORD00145,P0100,2,424.78,0.26
OI000440,ORD00145,P0010,6,355.22,0.2
OI000441,ORD00146,P0013,6,157.86,0.04
OI000442,ORD00146,P0021,7,398.0,0.29
OI000443,ORD00146,P0084,6,95.36,0.29
OI000444,ORD00146,P0089,10,395.63,0.07
OI000445,ORD00146,P0076,3,195.41,0.22
OI000446,ORD00147,P0017,3,367.13,0.28
OI000447,ORD00147,P0074,7,426.87,0.23
OI000448,ORD00147,P0073,1,99.22,0.1
OI000449,ORD00148,P0029,10,61.01,0.15
OI000450,ORD00148,P0043,2,126.62,0.29
OI000451,ORD00148,P0022,2,412.61,0.2
OI000452,ORD00148,P0094,6,228.85,0.08
OI000453,ORD00148,P0032,2,181.74,0.24
OI000454,ORD00149,P0007,7,224.73,0.13
OI000455,ORD00150,P0053,8,442.07,0.11
OI000456,ORD00150,P0049,2,416.12,0.24
OI000457,ORD00151,P0084,4,89.7,0.02
OI000458,ORD00151,P0005,5,19.84,0.08
OI000459,ORD00151,P0014,2,177.49,0.27
OI000460,ORD00151,P0021,2,278.05,0.27
OI000461,ORD00151,P0012,6,301.07,0.18
OI000462,ORD00152,P0091,1,221.35,0.2
OI000463,ORD00152,P0078,7,86.98,0.03
OI000464,ORD00152,P0027,4,210.55,0.17
OI000465,ORD00152,P0094,9,139.98,0.08
OI000466,ORD00153,P0013,1,202.52,0.16
OI000467,ORD00153,P0063,3,36.71,0.0
OI000468,ORD00154,P0038,10,245.36,0.03
OI000469,ORD00155,P0022,5,488.76,0.14
OI000470,ORD00155,P0015,5,394.59,0.14
OI000471,ORD00156,P0012,9,199.89,0.11
OI000472,ORD00156,P0049,6,101.43,0.01
OI000473,ORD00156,P0057,8,139.07,0.25
OI000474,ORD00157,P0008,3,378.6,0.2
OI000475,ORD00157,P0011,6,406.01,0.12
OI000476,ORD00157,P0097,10,121.48,0.02
OI000477,ORD00157,P0050,9,215.13,0.16
OI000478,ORD00157,P0061,10,442.01,0.14
OI000479,ORD00158,P0051,1,256.03,0.27
OI000480,ORD00159,P0087,10,82.25,0.28
OI000481,ORD00159,P0058,3,475.04,0.05
OI000482,ORD00159,P0028,4,71.83,0.13
OI000483,ORD00159,P0088,7,108.94,0.25
OI000484,ORD00159,P0019,10,136.36,0.27
OI000485,ORD00160,P0012,7,282.62,0.17
OI000486,ORD00161,P0067,8,459.41,0.0
OI000487,ORD00161,P0090,10,297.91,0.23
OI000488,ORD00161,P0015,7,83.32,0.17
OI000489,ORD00162,P0098,2,463.21,0.17
OI000490,ORD00162,P0013,5,435.06,0.26
OI000491,ORD00162,P0053,5,197.69,0.15
OI000492,ORD00162,P0078,8,28.36,0.08
OI000493,ORD00162,P0019,10,308.24,0.21
OI000494,ORD00163,P0051,6,348.35,0.01
OI000495,ORD00164,P0035,6,19.91,0.25
OI000496,ORD00164,P0039,5,147.37,0.15
OI000497,ORD00164,P0090,2,486.52,0.07
OI000498,ORD00164,P0039,8,389.28,0.1
OI000499,ORD00165,P0078,2,102.09,0.06
OI000500,ORD00165,P0053,8,382.15,0.26
OI000501,ORD00165,P0008,9,397.83,0.02
OI000502,ORD00165,P0091,9,207.66,0.23
OI000503,ORD00166,P0073,1,95.13,0.26
OI000504,ORD00166,P0026,1,132.25,0.14
OI000505,ORD00166,P0047,4,144.25,0.25
OI000506,ORD00166,P0065,7,321.35,0.04
OI000507,ORD00166,P0004,4,192.51,0.18
OI000508,ORD00167,P0061,10,280.15,0.1
OI000509,ORD00167,P0034,2,149.68,0.12
OI000510,ORD00168,P0074,4,429.98,0.19
OI000511,ORD00168,P0087,4,141.85,0.12
OI000512,ORD00169,P0100,1,242.31,0.04
OI000513,ORD00170,P0077,1,119.65,0.18
OI000514,ORD00170,P0040,5,217.67,0.11
OI000515,ORD00171,P0059,5,116.92,0.09
OI000516,ORD00171,P0067,10,204.6,0.03
OI000517,ORD00171,P0066,6,285.11,0.18
OI000518,ORD00172,P0039,2,246.05,0.1
OI000519,ORD00172,P0036,6,432.13,0.08
OI000520,ORD00172,P0092,5,102.3,0.16
OI000521,ORD00173,P0008,10,208.01,0.1
OI000522,ORD00173,P0018,1,331.15,0.3
OI000523,ORD00174,P0054,7,200.25,0.01
OI000524,ORD00174,P0091,10,409.85,0.1
OI000525,ORD00174,P0092,4,346.3,0.19
OI000526,ORD00175,P0086,6,258.58,0.25
OI000527,ORD00175,P0085,9,98.76,0.03
OI000528,ORD00175,P0017,5,365.34,0.17
OI000529,ORD00175,P0024,6,330.67,0.07
OI000530,ORD00176,P0096,5,216.03,0.27
OI000531,ORD00176,P0048,5,296.93,0.14
OI000532,ORD00177,P0061,1,434.53,0.18
OI000533,ORD00178,P0010,8,445.82,0.15
OI000534,ORD00178,P0088,7,269.62,0.12
OI000535,ORD00178,P0020,3,496.25,0.1
OI000536,ORD00178,P0073,8,80.18,0.26
OI000537,ORD00178,P0024,2,248.91,0.19
OI000538,ORD00179,P0041,1,12.31,0.08
OI000539,ORD00179,P0098,3,292.38,0.05
OI000540,ORD00180,P0017,10,222.52,0.13
OI000541,ORD00181,P0062,7,12.29,0.16
OI000542,ORD00181,P0094,6,475.53,0.27
OI000543,ORD00181,P0097,9,103.38,0.2
OI000544,ORD00181,P0081,4,120.87,0.26
OI000545,ORD00182,P0017,2,197.94,0.18
OI000546,ORD00182,P0022,2,413.68,0.09
OI000547,ORD00182,P0038,8,366.64,0.18
OI000548,ORD00183,P0056,3,177.94,0.27
OI000549,ORD00183,P0046,4,90.79,0.27
OI000550,ORD00183,P0052,1,121.92,0.22
OI000551,ORD00184,P0028,1,298.95,0.05
OI000552,ORD00184,P0047,1,193.84,0.19
OI000553,ORD00185,P0080,1,301.02,0.01
OI000554,ORD00185,P0014,1,33.64,0.03
OI000555,ORD00185,P0057,7,70.56,0.08
OI000556,ORD00185,P0090,3,110.69,0.21
OI000557,ORD00185,P0002,5,216.23,0.03
OI000558,ORD00186,P0035,10,306.76,0.04
OI000559,ORD00186,P0014,9,362.2,0.04
OI000560,ORD00186,P0015,2,253.89,0.18
OI000561,ORD00186,P0100,5,417.43,0.29
OI000562,ORD00186,P0046,7,154.72,0.01
OI000563,ORD00187,P0027,8,172.0,0.0
OI000564,ORD00187,P0086,2,454.37,0.25
OI000565,ORD00187,P0086,8,83.08,0.03
OI000566,ORD00187,P0066,2,364.55,0.03
OI000567,ORD00188,P0083,4,233.81,0.29
OI000568,ORD00188,P0034,8,34.54,0.24
OI000569,ORD00188,P0006,5,186.51,0.2
OI000570,ORD00189,P0095,2,56.55,0.23
OI000571,ORD00189,P0006,1,427.48,0.2
OI000572,ORD00189,P0022,6,185.19,0.13
OI000573,ORD00189,P0080,5,440.45,0.03
OI000574,ORD00190,P0024,2,206.38,0.29
OI000575,ORD00190,P0035,7,348.05,0.14
OI000576,ORD00190,P0054,3,65.4,0.21
OI000577,ORD00191,P0021,2,213.85,0.18
OI000578,ORD00192,P0087,8,98.82,0.11
OI000579,ORD00192,P0046,10,24.12,0.21
OI000580,ORD00192,P0094,3,246.71,0.15
OI000581,ORD00192,P0053,8,32.53,0.08
OI000582,ORD00192,P0041,1,355.24,0.2
OI000583,ORD00193,P0093,10,119.75,0.29
OI000584,ORD00193,P0044,9,266.32,0.21
OI000585,ORD00193,P0013,7,334.24,0.07
OI000586,ORD00193,P0045,7,82.84,0.25
OI000587,ORD00193,P0079,1,15.71,0.28
OI000588,ORD00194,P0061,8,436.01,0.02
OI000589,ORD00194,P0063,6,128.04,0.29
OI000590,ORD00194,P0007,9,119.13,0.19
OI000591,ORD00194,P0052,4,48.63,0.13
OI000592,ORD00194,P0074,8,53.13,0.15
OI000593,ORD00195,P0016,8,375.17,0.01
OI000594,ORD00195,P0052,7,27.56,0.16
OI000595,ORD00195,P0012,10,481.95,0.19
OI000596,ORD00196,P0072,4,330.75,0.14
OI000597,ORD00196,P0044,6,414.4,0.24
OI000598,ORD00196,P0059,6,284.47,0.19
OI000599,ORD00196,P0061,6,360.8,0.03
OI000600,ORD00196,P0098,4,11.08,0.11
OI000601,ORD00197,P0071,9,193.21,0.03
OI000602,ORD00197,P0022,8,78.82,0.22
OI000603,ORD00197,P0093,7,62.41,0.18
OI000604,ORD00198,P0016,7,115.64,0.25
OI000605,ORD00198,P0025,6,62.81,0.12
OI000606,ORD00199,P0016,8,234.12,0.18
OI000607,ORD00199,P0065,3,482.29,0.0
OI000608,ORD00199,P0095,1,281.08,0.13
OI000609,ORD00199,P0075,8,462.94,0.23
OI000610,ORD00199,P0023,10,95.09,0.24
OI000611,ORD00200,P0050,10,307.02,0.1
