grade_id,enrollment_id,assignment_type,assignment_name,score,max_score,weight,date
GRD000001,ENR000001,Quiz,Assignment 12,90.9,100,0.1,2025-11-10
GRD000002,ENR000002,Homework,Assignment 5,75.3,100,0.15,2025-09-11
GRD000003,ENR000003,Midterm,Assignment 12,68.2,100,0.1,2025-09-16
GRD000004,ENR000004,Project,Assignment 5,67.7,100,0.15,2025-10-30
GRD000005,ENR000005,Homework,Assignment 7,74.6,100,0.1,2025-10-15
GRD000006,ENR000006,Project,Assignment 11,73.5,100,0.1,2025-09-25
GRD000007,ENR000007,Homework,Assignment 5,75.1,100,0.1,2025-09-29
GRD000008,ENR000008,Quiz,Assignment 14,60.6,100,0.25,2025-10-18
GRD000009,ENR000009,Homework,Assignment 11,85.3,100,0.1,2025-08-20
GRD000010,ENR000010,Midterm,Assignment 10,92.6,100,0.25,2025-09-29
GRD000011,ENR000011,Quiz,Assignment 4,97.3,100,0.25,2025-10-18
GRD000012,ENR000012,Project,Assignment 8,89.4,100,0.2,2025-08-31
GRD000013,ENR000013,Quiz,Assignment 15,87.9,100,0.3,2025-09-26
GRD000014,ENR000014,Quiz,Assignment 2,67.0,100,0.2,2025-11-17
GRD000015,ENR000015,Final,Assignment 19,73.1,100,0.25,2025-07-29
GRD000016,ENR000016,Quiz,Assignment 12,66.7,100,0.1,2025-11-03
GRD000017,ENR000017,Quiz,Assignment 12,80.3,100,0.15,2025-09-26
GRD000018,ENR000018,Final,Assignment 4,66.4,100,0.3,2025-10-31
GRD000019,ENR000019,Project,Assignment 9,81.2,100,0.3,2025-09-07
GRD000020,ENR000020,Homework,Assignment 19,86.8,100,0.3,2025-10-16
GRD000021,ENR000021,Project,Assignment 12,98.1,100,0.25,2025-08-29
GRD000022,ENR000022,Midterm,Assignment 20,83.3,100,0.3,2025-10-19
GRD000023,ENR000023,Midterm,Assignment 13,86.3,100,0.2,2025-10-16
GRD000024,ENR000024,Final,Assignment 9,90.7,100,0.15,2025-10-24
GRD000025,ENR000025,Project,Assignment 1,61.2,100,0.1,2025-10-07
GRD000026,ENR000026,Quiz,Assignment 10,94.9,100,0.3,2025-10-06
GRD000027,ENR000027,Final,Assignment 18,74.6,100,0.2,2025-09-21
GRD000028,ENR000028,Homework,Assignment 3,80.1,100,0.25,2025-08-18
GRD000029,ENR000029,Final,Assignment 20,87.5,100,0.1,2025-11-08
GRD000030,ENR000030,Midterm,Assignment 13,78.1,100,0.1,2025-08-20
GRD000031,ENR000031,Project,Assignment 8,76.9,100,0.15,2025-08-18
GRD000032,ENR000032,Midterm,Assignment 2,89.7,100,0.3,2025-08-26
GRD000033,ENR000033,Homework,Assignment 2,91.9,100,0.2,2025-08-30
GRD000034,ENR000034,Homework,Assignment 15,79.3,100,0.1,2025-08-09
GRD000035,ENR000035,Final,Assignment 8,70.8,100,0.25,2025-11-18
GRD000036,ENR000036,Quiz,Assignment 4,76.5,100,0.15,2025-08-31
GRD000037,ENR000037,Midterm,Assignment 1,89.9,100,0.3,2025-09-05
GRD000038,ENR000038,Quiz,Assignment 3,75.4,100,0.2,2025-10-10
GRD000039,ENR000039,Final,Assignment 11,93.7,100,0.25,2025-10-10
GRD000040,ENR000040,Midterm,Assignment 6,88.7,100,0.15,2025-08-04
GRD000041,ENR000041,Quiz,Assignment 18,90.2,100,0.25,2025-08-28
GRD000042,ENR000042,Project,Assignment 11,96.8,100,0.2,2025-08-28
GRD000043,ENR000043,Homework,Assignment 14,96.3,100,0.25,2025-09-18
GRD000044,ENR000044,Project,Assignment 3,73.9,100,0.25,2025-11-09
GRD000045,ENR000045,Midterm,Assignment 12,93.4,100,0.25,2025-11-13
GRD000046,ENR000046,Final,Assignment 14,82.4,100,0.3,2025-08-01
GRD000047,ENR000047,Midterm,Assignment 2,82.6,100,0.25,2025-07-27
GRD000048,ENR000048,Quiz,Assignment 13,70.0,100,0.1,2025-10-11
GRD000049,ENR000049,Project,Assignment 12,72.5,100,0.25,2025-11-09
GRD000050,ENR000050,Homework,Assignment 8,68.3,100,0.2,2025-10-01
GRD000051,ENR000051,Quiz,Assignment 6,65.3,100,0.2,2025-07-27
GRD000052,ENR000052,Homework,Assignment 17,65.9,100,0.25,2025-09-07
GRD000053,ENR000053,Final,Assignment 3,83.7,100,0.1,2025-11-05
GRD000054,ENR000054,Final,Assignment 19,78.0,100,0.2,2025-09-13
GRD000055,ENR000055,Final,Assignment 19,79.4,100,0.2,2025-09-17
GRD000056,ENR000056,Final,Assignment 19,90.1,100,0.3,2025-09-04
GRD000057,ENR000057,Project,Assignment 14,89.6,100,0.1,2025-09-11
GRD000058,ENR000058,Final,Assignment 8,62.3,100,0.15,2025-09-21
GRD000059,ENR000059,Homework,Assignment 9,88.3,100,0.25,2025-09-11
GRD000060,ENR000060,Quiz,Assignment 6,90.5,100,0.3,2025-08-22
GRD000061,ENR000061,Homework,Assignment 14,70.0,100,0.15,2025-11-23
GRD000062,ENR000062,Homework,Assignment 5,79.3,100,0.25,2025-09-09
GRD000063,ENR000063,Homework,Assignment 4,79.5,100,0.15,2025-11-10
GRD000064,ENR000064,Project,Assignment 3,82.8,100,0.3,2025-08-05
GRD000065,ENR000065,Final,Assignment 8,78.7,100,0.1,2025-08-08
GRD000066,ENR000066,Project,Assignment 12,86.7,100,0.15,2025-08-12
GRD000067,ENR000067,Final,Assignment 1,76.8,100,0.15,2025-11-01
GRD000068,ENR000068,Quiz,Assignment 1,76.5,100,0.2,2025-10-01
GRD000069,ENR000069,Final,Assignment 7,85.6,100,0.2,2025-09-22
GRD000070,ENR000070,Final,Assignment 12,75.7,100,0.2,2025-11-02
GRD000071,ENR000071,Project,Assignment 17,72.4,100,0.1,2025-11-23
GRD000072,ENR000072,Midterm,Assignment 1,93.5,100,0.1,2025-10-27
GRD000073,ENR000073,Quiz,Assignment 16,68.1,100,0.15,2025-08-19
GRD000074,ENR000074,Quiz,Assignment 10,90.7,100,0.15,2025-08-25
GRD000075,ENR000075,Final,Assignment 10,94.6,100,0.25,2025-10-28
GRD000076,ENR000076,Midterm,Assignment 5,87.3,100,0.15,2025-08-15
GRD000077,ENR000077,Midterm,Assignment 14,63.2,100,0.3,2025-09-19
GRD000078,ENR000078,Quiz,Assignment 1,98.6,100,0.3,2025-11-23
GRD000079,ENR000079,Final,Assignment 19,73.2,100,0.25,2025-11-06
GRD000080,ENR000080,Homework,Assignment 18,73.4,100,0.1,2025-08-25
GRD000081,ENR000081,Homework,Assignment 4,86.2,100,0.15,2025-09-20
GRD000082,ENR000082,Homework,Assignment 15,79.4,100,0.3,2025-11-20
GRD000083,ENR000083,Quiz,Assignment 13,77.0,100,0.25,2025-10-25
GRD000084,ENR000084,Final,Assignment 20,72.1,100,0.15,2025-09-20
GRD000085,ENR000085,Homework,Assignment 8,66.3,100,0.2,2025-09-10
GRD000086,ENR000086,Project,Assignment 9,73.5,100,0.15,2025-10-29
GRD000087,ENR000087,Final,Assignment 20,62.0,100,0.15,2025-08-30
GRD000088,ENR000088,Project,Assignment 9,99.5,100,0.1,2025-08-09
GRD000089,ENR000089,Quiz,Assignment 16,74.4,100,0.2,2025-09-03
GRD000090,ENR000090,Quiz,Assignment 4,86.4,100,0.15,2025-08-25
GRD000091,ENR000091,Midterm,Assignment 11,65.0,100,0.25,2025-08-27
GRD000092,ENR000092,Midterm,Assignment 14,78.1,100,0.1,2025-09-10
GRD000093,ENR000093,Midterm,Assignment 2,92.5,100,0.15,2025-11-17
GRD000094,ENR000094,Midterm,Assignment 13,80.1,100,0.3,2025-11-16
GRD000095,ENR000095,Final,Assignment 3,65.0,100,0.25,2025-10-12
GRD000096,ENR000096,Quiz,Assignment 10,94.0,100,0.3,2025-10-17
GRD000097,ENR000097,Project,Assignment 20,62.9,100,0.2,2025-11-03
GRD000098,ENR000098,Project,Assignment 17,69.5,100,0.3,2025-07-31
GRD000099,ENR000099,Quiz,Assignment 1,96.3,100,0.1,2025-10-13
GRD000100,ENR000100,Homework,Assignment 9,83.5,100,0.25,2025-09-21
GRD000101,ENR000101,Final,Assignment 9,83.0,100,0.15,2025-10-03
GRD000102,ENR000102,Homework,Assignment 14,94.3,100,0.25,2025-10-02
GRD000103,ENR000103,Midterm,Assignment 5,80.3,100,0.15,2025-11-06
GRD000104,ENR000104,Final,Assignment 4,93.6,100,0.2,2025-08-31
GRD000105,ENR000105,Midterm,Assignment 19,86.7,100,0.1,2025-08-02
GRD000106,ENR000106,Quiz,Assignment 19,72.2,100,0.2,2025-09-10
GRD000107,ENR000107,Midterm,Assignment 7,86.8,100,0.2,2025-08-21
GRD000108,ENR000108,Midterm,Assignment 15,79.2,100,0.25,2025-08-05
GRD000109,ENR000109,Final,Assignment 3,88.9,100,0.15,2025-07-29
GRD000110,ENR000110,Project,Assignment 18,93.8,100,0.2,2025-09-04
GRD000111,ENR000111,Midterm,Assignment 1,91.1,100,0.1,2025-08-25
GRD000112,ENR000112,Project,Assignment 3,87.9,100,0.3,2025-10-10
GRD000113,ENR000113,Final,Assignment 15,80.6,100,0.15,2025-10-28
GRD000114,ENR000114,Project,Assignment 12,98.4,100,0.3,2025-08-19
GRD000115,ENR000115,Quiz,Assignment 13,92.3,100,0.1,2025-09-10
GRD000116,ENR000116,Midterm,Assignment 3,66.2,100,0.25,2025-11-20
GRD000117,ENR000117,Final,Assignment 13,64.2,100,0.2,2025-08-30
GRD000118,ENR000118,Quiz,Assignment 14,61.4,100,0.3,2025-09-21
GRD000119,ENR000119,Project,Assignment 2,99.8,100,0.25,2025-11-06
GRD000120,ENR000120,Homework,Assignment 5,61.2,100,0.15,2025-07-28
GRD000121,ENR000121,Quiz,Assignment 18,97.6,100,0.1,2025-11-15
GRD000122,ENR000122,Quiz,Assignment 1,90.3,100,0.3,2025-09-05
GRD000123,ENR000123,Final,Assignment 13,94.1,100,0.25,2025-10-26
GRD000124,ENR000124,Final,Assignment 6,97.8,100,0.15,2025-09-02
GRD000125,ENR000125,Final,Assignment 8,71.8,100,0.2,2025-09-20
GRD000126,ENR000126,Quiz,Assignment 13,74.5,100,0.25,2025-11-23
GRD000127,ENR000127,Final,Assignment 4,83.2,100,0.1,2025-10-10
GRD000128,ENR000128,Final,Assignment 11,79.6,100,0.2,2025-08-08
GRD000129,ENR000129,Quiz,Assignment 19,76.3,100,0.25,2025-11-19
GRD000130,ENR000130,Midterm,Assignment 9,75.6,100,0.25,2025-10-29
GRD000131,ENR000131,Project,Assignment 8,63.0,100,0.2,2025-08-23
GRD000132,ENR000132,Project,Assignment 1,83.6,100,0.2,2025-10-20
GRD000133,ENR000133,Final,Assignment 18,86.2,100,0.25,2025-08-20
GRD000134,ENR000134,Quiz,Assignment 2,90.2,100,0.3,2025-09-20
GRD000135,ENR000135,Final,Assignment 18,65.0,100,0.15,2025-10-12
GRD000136,ENR000136,Quiz,Assignment 4,65.5,100,0.3,2025-08-13
GRD000137,ENR000137,Quiz,Assignment 14,93.6,100,0.25,2025-11-07
GRD000138,ENR000138,Midterm,Assignment 9,99.4,100,0.3,2025-08-01
GRD000139,ENR000139,Homework,Assignment 2,82.5,100,0.3,2025-11-17
GRD000140,ENR000140,Midterm,Assignment 1,94.0,100,0.2,2025-10-05
GRD000141,ENR000141,Homework,Assignment 11,84.3,100,0.25,2025-08-17
GRD000142,ENR000142,Homework,Assignment 2,61.0,100,0.3,2025-08-30
GRD000143,ENR000143,Homework,Assignment 2,78.0,100,0.3,2025-09-20
GRD000144,ENR000144,Midterm,Assignment 9,75.7,100,0.15,2025-09-04
GRD000145,ENR000145,Midterm,Assignment 16,71.3,100,0.25,2025-08-19
GRD000146,ENR000146,Project,Assignment 8,92.8,100,0.1,2025-09-14
GRD000147,ENR000147,Project,Assignment 9,64.2,100,0.1,2025-09-11
GRD000148,ENR000148,Project,Assignment 11,97.9,100,0.25,2025-09-21
GRD000149,ENR000149,Homework,Assignment 17,68.8,100,0.1,2025-10-29
GRD000150,ENR000150,Homework,Assignment 12,71.8,100,0.3,2025-09-03
GRD000151,ENR000151,Midterm,Assignment 6,74.3,100,0.1,2025-11-10
GRD000152,ENR000152,Homework,Assignment 19,86.2,100,0.15,2025-08-19
GRD000153,ENR000153,Midterm,Assignment 20,72.0,100,0.1,2025-09-11
GRD000154,ENR000154,Midterm,Assignment 6,86.5,100,0.2,2025-11-15
GRD000155,ENR000155,Quiz,Assignment 11,82.6,100,0.3,2025-09-05
GRD000156,ENR000156,Project,Assignment 2,89.1,100,0.15,2025-08-18
GRD000157,ENR000157,Quiz,Assignment 8,82.3,100,0.25,2025-08-29
GRD000158,ENR000158,Final,Assignment 15,75.6,100,0.25,2025-11-19
GRD000159,ENR000159,Final,Assignment 6,93.7,100,0.3,2025-09-11
GRD000160,ENR000160,Midterm,Assignment 3,95.8,100,0.2,2025-11-21
GRD000161,ENR000161,Quiz,Assignment 19,84.5,100,0.25,2025-09-14
GRD000162,ENR000162,Quiz,Assignment 18,78.4,100,0.2,2025-08-30
GRD000163,ENR000163,Quiz,Assignment 1,81.1,100,0.3,2025-10-29
GRD000164,ENR000164,Final,Assignment 8,66.4,100,0.3,2025-08-30
GRD000165,ENR000165,Quiz,Assignment 20,94.9,100,0.25,2025-08-25
GRD000166,ENR000166,Homework,Assignment 6,75.4,100,0.25,2025-10-23
GRD000167,ENR000167,Project,Assignment 6,95.1,100,0.25,2025-11-08
GRD000168,ENR000168,Midterm,Assignment 10,82.4,100,0.3,2025-10-13
GRD000169,ENR000169,Homework,Assignment 8,68.9,100,0.1,2025-11-14
GRD000170,ENR000170,Final,Assignment 17,76.6,100,0.2,2025-09-28
GRD000171,ENR000171,Final,Assignment 13,93.7,100,0.25,2025-11-14
GRD000172,ENR000172,Project,Assignment 5,99.5,100,0.3,2025-09-14
GRD000173,ENR000173,Project,Assignment 5,90.5,100,0.15,2025-11-16
GRD000174,ENR000174,Quiz,Assignment 17,98.8,100,0.25,2025-10-14
GRD000175,ENR000175,Final,Assignment 9,61.3,100,0.3,2025-09-05
GRD000176,ENR000176,Quiz,Assignment 8,87.2,100,0.1,2025-10-28
GRD000177,ENR000177,Final,Assignment 1,75.1,100,0.25,2025-09-17
GRD000178,ENR000178,Final,Assignment 4,83.8,100,0.15,2025-10-20
GRD000179,ENR000179,Project,Assignment 16,86.5,100,0.15,2025-10-06
GRD000180,ENR000180,Midterm,Assignment 11,90.0,100,0.25,2025-11-15
GRD000181,ENR000181,Quiz,Assignment 13,71.3,100,0.25,2025-09-23
GRD000182,ENR000182,Midterm,Assignment 12,63.8,100,0.2,2025-10-14
GRD000183,ENR000183,Quiz,Assignment 15,74.3,100,0.15,2025-10-09
GRD000184,ENR000184,Final,Assignment 10,98.9,100,0.2,2025-08-29
GRD000185,ENR000185,Project,Assignment 18,65.8,100,0.2,2025-11-06
GRD000186,ENR000186,Final,Assignment 20,82.9,100,0.1,2025-08-25
GRD000187,ENR000187,Homework,Assignment 17,74.6,100,0.1,2025-08-18
GRD000188,ENR000188,Homework,Assignment 4,72.6,100,0.25,2025-09-24
GRD000189,ENR000189,Quiz,Assignment 8,81.7,100,0.2,2025-11-14
GRD000190,ENR000190,Midterm,Assignment 15,77.1,100,0.25,2025-09-21
GRD000191,ENR000191,Homework,Assignment 12,62.4,100,0.25,2025-08-19
GRD000192,ENR000192,Project,Assignment 1,98.8,100,0.3,2025-10-29
GRD000193,ENR000193,Project,Assignment 7,99.7,100,0.3,2025-10-26
GRD000194,ENR000194,Midterm,Assignment 14,72.9,100,0.1,2025-11-01
GRD000195,ENR000195,Final,Assignment 11,80.4,100,0.25,2025-11-17
GRD000196,ENR000196,Quiz,Assignment 10,89.9,100,0.2,2025-10-06
GRD000197,ENR000197,Quiz,Assignment 8,94.2,100,0.3,2025-09-11
GRD000198,ENR000198,Quiz,Assignment 8,72.0,100,0.2,2025-11-06
GRD000199,ENR000199,Midterm,Assignment 11,78.1,100,0.2,2025-11-14
GRD000200,ENR000200,Midterm,Assignment 11,88.9,100,0.3,2025-09-03
GRD000201,ENR000201,Quiz,Assignment 13,67.7,100,0.3,2025-11-23
GRD000202,ENR000202,Quiz,Assignment 6,98.5,100,0.15,2025-09-25
GRD000203,ENR000203,Homework,Assignment 13,64.4,100,0.3,2025-08-20
GRD000204,ENR000204,Final,Assignment 6,88.6,100,0.3,2025-07-30
GRD000205,ENR000205,Final,Assignment 19,97.4,100,0.2,2025-09-23
GRD000206,ENR000206,Final,Assignment 6,98.1,100,0.15,2025-09-04
GRD000207,ENR000207,Final,Assignment 1,68.4,100,0.3,2025-10-10
GRD000208,ENR000208,Midterm,Assignment 16,82.4,100,0.25,2025-08-19
GRD000209,ENR000209,Quiz,Assignment 14,81.1,100,0.3,2025-08-04
GRD000210,ENR000210,Quiz,Assignment 4,91.9,100,0.15,2025-11-01
GRD000211,ENR000211,Project,Assignment 9,63.6,100,0.15,2025-07-27
GRD000212,ENR000212,Quiz,Assignment 5,80.4,100,0.1,2025-08-05
GRD000213,ENR000213,Final,Assignment 6,73.9,100,0.3,2025-10-22
GRD000214,ENR000214,Homework,Assignment 17,74.4,100,0.2,2025-10-07
GRD000215,ENR000215,Midterm,Assignment 3,93.7,100,0.3,2025-11-02
GRD000216,ENR000216,Midterm,Assignment 18,95.9,100,0.15,2025-11-13
GRD000217,ENR000217,Midterm,Assignment 1,62.0,100,0.15,2025-10-10
GRD000218,ENR000218,Final,Assignment 8,61.1,100,0.15,2025-09-20
GRD000219,ENR000219,Quiz,Assignment 14,79.0,100,0.2,2025-08-30
GRD000220,ENR000220,Midterm,Assignment 20,60.4,100,0.25,2025-09-10
GRD000221,ENR000221,Project,Assignment 13,74.4,100,0.1,2025-09-30
GRD000222,ENR000222,Project,Assignment 19,88.6,100,0.15,2025-11-12
GRD000223,ENR000223,Quiz,Assignment 5,91.2,100,0.2,2025-11-16
GRD000224,ENR000224,Project,Assignment 14,66.9,100,0.3,2025-10-02
GRD000225,ENR000225,Project,Assignment 11,75.4,100,0.15,2025-10-16
GRD000226,ENR000226,Final,Assignment 13,62.0,100,0.3,2025-08-10
GRD000227,ENR000227,Project,Assignment 6,68.4,100,0.3,2025-11-02
GRD000228,ENR000228,Midterm,Assignment 18,77.6,100,0.3,2025-09-08
GRD000229,ENR000229,Midterm,Assignment 13,78.7,100,0.15,2025-10-04
GRD000230,ENR000230,Quiz,Assignment 3,75.9,100,0.15,2025-11-21
GRD000231,ENR000231,Project,Assignment 10,75.5,100,0.1,2025-09-24
GRD000232,ENR000232,Quiz,Assignment 13,98.7,100,0.15,2025-09-19
GRD000233,ENR000233,Homework,Assignment 8,97.8,100,0.25,2025-10-15
GRD000234,ENR000234,Project,Assignment 2,80.6,100,0.2,2025-08-15
GRD000235,ENR000235,Final,Assignment 10,82.8,100,0.1,2025-09-29
GRD000236,ENR000236,Quiz,Assignment 9,94.1,100,0.15,2025-08-06
GRD000237,ENR000237,Homework,Assignment 8,97.7,100,0.1,2025-08-24
GRD000238,ENR000238,Homework,Assignment 13,76.5,100,0.25,2025-09-29
GRD000239,ENR000239,Quiz,Assignment 5,81.0,100,0.2,2025-08-08
GRD000240,ENR000240,Midterm,Assignment 10,62.9,100,0.1,2025-09-16
GRD000241,ENR000241,Midterm,Assignment 15,84.6,100,0.25,2025-11-04
GRD000242,ENR000242,Quiz,Assignment 19,74.1,100,0.1,2025-09-03
GRD000243,ENR000243,Homework,Assignment 17,72.5,100,0.25,2025-11-13
GRD000244,ENR000244,Homework,Assignment 13,89.2,100,0.25,2025-08-20
GRD000245,ENR000245,Homework,Assignment 2,67.3,100,0.25,2025-08-01
GRD000246,ENR000246,Homework,Assignment 10,76.8,100,0.1,2025-09-03
GRD000247,ENR000247,Homework,Assignment 15,70.5,100,0.2,2025-10-29
GRD000248,ENR000248,Project,Assignment 20,64.2,100,0.25,2025-08-01
GRD000249,ENR000249,Quiz,Assignment 10,71.1,100,0.1,2025-10-01
GRD000250,ENR000250,Final,Assignment 16,81.8,100,0.2,2025-10-14
GRD000251,ENR000251,Final,Assignment 8,93.9,100,0.15,2025-07-30
GRD000252,ENR000252,Homework,Assignment 14,74.0,100,0.15,2025-07-30
GRD000253,ENR000253,Midterm,Assignment 5,95.9,100,0.3,2025-09-11
GRD000254,ENR000254,Quiz,Assignment 12,70.6,100,0.2,2025-08-07
GRD000255,ENR000255,Homework,Assignment 15,63.1,100,0.1,2025-09-02
GRD000256,ENR000256,Homework,Assignment 15,90.2,100,0.3,2025-09-18
GRD000257,ENR000257,Midterm,Assignment 1,66.8,100,0.1,2025-10-10
GRD000258,ENR000258,Homework,Assignment 14,77.3,100,0.1,2025-10-22
GRD000259,ENR000259,Project,Assignment 11,69.4,100,0.15,2025-08-31
GRD000260,ENR000260,Quiz,Assignment 4,80.0,100,0.1,2025-10-22
GRD000261,ENR000261,Final,Assignment 19,90.4,100,0.2,2025-10-22
GRD000262,ENR000262,Homework,Assignment 6,82.5,100,0.3,2025-08-27
GRD000263,ENR000263,Quiz,Assignment 10,90.1,100,0.3,2025-11-01
GRD000264,ENR000264,Quiz,Assignment 1,92.8,100,0.15,2025-09-20
GRD000265,ENR000265,Project,Assignment 3,74.3,100,0.15,2025-11-17
GRD000266,ENR000266,Project,Assignment 19,94.4,100,0.2,2025-11-06
GRD000267,ENR000267,Homework,Assignment 15,94.9,100,0.3,2025-11-23
GRD000268,ENR000268,Homework,Assignment 6,76.7,100,0.25,2025-11-02
GRD000269,ENR000269,Midterm,Assignment 2,94.0,100,0.1,2025-09-23
GRD000270,ENR000270,Quiz,Assignment 5,71.1,100,0.3,2025-11-15
GRD000271,ENR000271,Quiz,Assignment 20,71.8,100,0.1,2025-10-23
GRD000272,ENR000272,Quiz,Assignment 12,61.8,100,0.15,2025-09-22
GRD000273,ENR000273,Midterm,Assignment 20,75.9,100,0.15,2025-08-15
GRD000274,ENR000274,Quiz,Assignment 18,69.2,100,0.2,2025-10-17
GRD000275,ENR000275,Homework,Assignment 8,79.3,100,0.25,2025-10-09
GRD000276,ENR000276,Midterm,Assignment 7,83.8,100,0.3,2025-10-20
GRD000277,ENR000277,Quiz,Assignment 18,90.3,100,0.3,2025-11-21
GRD000278,ENR000278,Quiz,Assignment 8,99.4,100,0.3,2025-10-02
GRD000279,ENR000279,Midterm,Assignment 4,71.5,100,0.25,2025-09-01
GRD000280,ENR000280,Quiz,Assignment 5,83.6,100,0.1,2025-09-19
GRD000281,ENR000281,Midterm,Assignment 1,73.3,100,0.1,2025-08-19
GRD000282,ENR000282,Midterm,Assignment 17,94.2,100,0.1,2025-10-12
GRD000283,ENR000283,Project,Assignment 1,93.5,100,0.1,2025-09-13
GRD000284,ENR000284,Quiz,Assignment 7,78.7,100,0.15,2025-11-10
GRD000285,ENR000285,Homework,Assignment 20,62.1,100,0.2,2025-10-18
GRD000286,ENR000286,Midterm,Assignment 16,82.9,100,0.15,2025-09-12
GRD000287,ENR000287,Homework,Assignment 3,78.9,100,0.25,2025-10-22
GRD000288,ENR000288,Homework,Assignment 1,68.0,100,0.2,2025-10-09
GRD000289,ENR000289,Final,Assignment 17,87.2,100,0.3,2025-08-27
GRD000290,ENR000290,Midterm,Assignment 17,75.8,100,0.25,2025-08-19
GRD000291,ENR000291,Quiz,Assignment 16,71.8,100,0.2,2025-09-08
GRD000292,ENR000292,Final,Assignment 13,75.1,100,0.1,2025-09-28
GRD000293,ENR000293,Quiz,Assignment 8,75.8,100,0.1,2025-08-17
GRD000294,ENR000294,Midterm,Assignment 16,70.5,100,0.15,2025-11-23
GRD000295,ENR000295,Project,Assignment 4,81.7,100,0.15,2025-09-29
GRD000296,ENR000296,Project,Assignment 20,68.4,100,0.15,2025-10-09
GRD000297,ENR000297,Quiz,Assignment 18,87.1,100,0.3,2025-09-04
GRD000298,ENR000298,Midterm,Assignment 1,72.2,100,0.3,2025-10-23
GRD000299,ENR000299,Midterm,Assignment 4,76.1,100,0.15,2025-10-04
GRD000300,ENR000300,Project,Assignment 11,79.3,100,0.25,2025-10-07
GRD000301,ENR000301,Quiz,Assignment 14,76.7,100,0.2,2025-09-13
GRD000302,ENR000302,Homework,Assignment 7,86.7,100,0.1,2025-09-30
GRD000303,ENR000303,Quiz,Assignment 13,78.8,100,0.1,2025-09-26
GRD000304,ENR000304,Midterm,Assignment 5,70.5,100,0.3,2025-11-15
GRD000305,ENR000305,Quiz,Assignment 11,69.8,100,0.25,2025-08-02
GRD000306,ENR000306,Midterm,Assignment 6,84.4,100,0.3,2025-10-25
GRD000307,ENR000307,Project,Assignment 8,60.5,100,0.3,2025-08-18
GRD000308,ENR000308,Midterm,Assignment 8,84.0,100,0.15,2025-08-21
GRD000309,ENR000309,Final,Assignment 2,80.9,100,0.3,2025-10-10
GRD000310,ENR000310,Quiz,Assignment 6,84.0,100,0.3,2025-08-08
GRD000311,ENR000311,Final,Assignment 8,71.6,100,0.1,2025-11-12
GRD000312,ENR000312,Homework,Assignment 9,84.8,100,0.3,2025-09-22
GRD000313,ENR000313,Midterm,Assignment 15,99.1,100,0.2,2025-08-22
GRD000314,ENR000314,Final,Assignment 7,86.9,100,0.25,2025-08-06
GRD000315,ENR000315,Final,Assignment 2,71.0,100,0.3,2025-09-06
GRD000316,ENR000316,Homework,Assignment 19,99.3,100,0.25,2025-09-16
GRD000317,ENR000317,Homework,Assignment 20,72.4,100,0.25,2025-08-05
GRD000318,ENR000318,Midterm,Assignment 19,79.2,100,0.25,2025-10-25
GRD000319,ENR000319,Project,Assignment 13,63.8,100,0.1,2025-08-31
GRD000320,ENR000320,Quiz,Assignment 9,60.8,100,0.25,2025-10-28
GRD000321,ENR000321,Final,Assignment 18,96.2,100,0.3,2025-11-11
GRD000322,ENR000322,Homework,Assignment 17,94.6,100,0.1,2025-10-17
GRD000323,ENR000323,Homework,Assignment 16,98.7,100,0.2,2025-09-30
GRD000324,ENR000324,Project,Assignment 9,95.6,100,0.1,2025-09-24
GRD000325,ENR000325,Quiz,Assignment 4,95.9,100,0.3,2025-08-31
GRD000326,ENR000326,Project,Assignment 15,86.5,100,0.1,2025-08-29
GRD000327,ENR000327,Final,Assignment 19,83.5,100,0.25,2025-10-14
GRD000328,ENR000328,Project,Assignment 15,67.2,100,0.25,2025-10-23
GRD000329,ENR000329,Midterm,Assignment 3,64.7,100,0.2,2025-09-16
GRD000330,ENR000330,Midterm,Assignment 15,99.9,100,0.25,2025-09-27
GRD000331,ENR000331,Homework,Assignment 5,75.4,100,0.25,2025-08-27
GRD000332,ENR000332,Quiz,Assignment 18,93.3,100,0.3,2025-11-05
GRD000333,ENR000333,Project,Assignment 4,66.6,100,0.25,2025-08-18
GRD000334,ENR000334,Project,Assignment 20,85.7,100,0.3,2025-09-19
GRD000335,ENR000335,Midterm,Assignment 6,70.3,100,0.3,2025-11-15
GRD000336,ENR000336,Project,Assignment 13,61.0,100,0.3,2025-10-17
GRD000337,ENR000337,Homework,Assignment 12,87.1,100,0.3,2025-08-16
GRD000338,ENR000338,Midterm,Assignment 12,67.7,100,0.15,2025-11-16
GRD000339,ENR000339,Midterm,Assignment 7,78.2,100,0.25,2025-10-28
GRD000340,ENR000340,Homework,Assignment 17,72.8,100,0.3,2025-10-03
GRD000341,ENR000341,Final,Assignment 1,79.7,100,0.1,2025-09-29
GRD000342,ENR000342,Project,Assignment 9,70.2,100,0.1,2025-10-20
GRD000343,ENR000343,Midterm,Assignment 1,60.2,100,0.2,2025-11-19
GRD000344,ENR000344,Final,Assignment 12,76.4,100,0.15,2025-10-24
GRD000345,ENR000345,Homework,Assignment 2,89.1,100,0.2,2025-08-16
GRD000346,ENR000346,Homework,Assignment 15,90.7,100,0.3,2025-09-22
GRD000347,ENR000347,Quiz,Assignment 19,76.4,100,0.15,2025-11-01
GRD000348,ENR000348,Project,Assignment 17,86.5,100,0.2,2025-08-20
GRD000349,ENR000349,Midterm,Assignment 5,78.1,100,0.15,2025-08-20
GRD000350,ENR000350,Midterm,Assignment 9,99.8,100,0.25,2025-09-11
GRD000351,ENR000351,Project,Assignment 5,95.8,100,0.2,2025-11-09
GRD000352,ENR000352,Project,Assignment 16,87.6,100,0.25,2025-10-02
GRD000353,ENR000353,Midterm,Assignment 9,77.8,100,0.2,2025-09-19
GRD000354,ENR000354,Final,Assignment 18,88.1,100,0.15,2025-08-30
GRD000355,ENR000355,Final,Assignment 3,96.4,100,0.2,2025-10-30
GRD000356,ENR000356,Project,Assignment 5,74.2,100,0.3,2025-11-16
GRD000357,ENR000357,Final,Assignment 16,78.4,100,0.3,2025-10-13
GRD000358,ENR000358,Quiz,Assignment 13,60.1,100,0.1,2025-09-24
GRD000359,ENR000359,Midterm,Assignment 8,88.0,100,0.2,2025-11-16
GRD000360,ENR000360,Quiz,Assignment 12,75.1,100,0.1,2025-11-18
GRD000361,ENR000361,Midterm,Assignment 4,68.0,100,0.1,2025-10-02
GRD000362,ENR000362,Final,Assignment 16,78.6,100,0.15,2025-09-23
GRD000363,ENR000363,Homework,Assignment 15,64.4,100,0.15,2025-08-03
GRD000364,ENR000364,Final,Assignment 19,99.7,100,0.25,2025-11-10
GRD000365,ENR000365,Final,Assignment 14,68.5,100,0.2,2025-11-22
GRD000366,ENR000366,Final,Assignment 10,67.1,100,0.25,2025-11-03
GRD000367,ENR000367,Project,Assignment 20,96.7,100,0.2,2025-10-28
GRD000368,ENR000368,Project,Assignment 18,85.2,100,0.25,2025-07-30
GRD000369,ENR000369,Final,Assignment 15,75.9,100,0.15,2025-08-07
GRD000370,ENR000370,Final,Assignment 2,65.8,100,0.2,2025-10-15
GRD000371,ENR000371,Quiz,Assignment 3,75.9,100,0.15,2025-09-11
GRD000372,ENR000372,Homework,Assignment 11,80.4,100,0.25,2025-10-20
GRD000373,ENR000373,Final,Assignment 5,73.4,100,0.1,2025-08-10
GRD000374,ENR000374,Midterm,Assignment 13,92.3,100,0.3,2025-11-03
GRD000375,ENR000375,Homework,Assignment 7,77.4,100,0.1,2025-10-04
GRD000376,ENR000376,Homework,Assignment 11,88.4,100,0.2,2025-11-19
GRD000377,ENR000377,Quiz,Assignment 13,96.4,100,0.15,2025-10-22
GRD000378,ENR000378,Homework,Assignment 20,94.8,100,0.25,2025-10-26
GRD000379,ENR000379,Homework,Assignment 5,66.2,100,0.1,2025-08-11
GRD000380,ENR000380,Final,Assignment 13,77.6,100,0.25,2025-10-13
GRD000381,ENR000381,Midterm,Assignment 1,73.0,100,0.15,2025-10-19
GRD000382,ENR000382,Quiz,Assignment 4,87.7,100,0.25,2025-09-12
GRD000383,ENR000383,Midterm,Assignment 8,73.4,100,0.15,2025-09-20
GRD000384,ENR000384,Final,Assignment 3,78.7,100,0.1,2025-10-08
GRD000385,ENR000385,Project,Assignment 3,69.6,100,0.3,2025-11-19
GRD000386,ENR000386,Midterm,Assignment 15,69.0,100,0.1,2025-10-26
GRD000387,ENR000387,Final,Assignment 15,94.3,100,0.3,2025-10-05
GRD000388,ENR000388,Midterm,Assignment 12,73.3,100,0.2,2025-11-06
GRD000389,ENR000389,Final,Assignment 4,72.6,100,0.1,2025-09-28
GRD000390,ENR000390,Homework,Assignment 12,86.6,100,0.25,2025-11-22
GRD000391,ENR000391,Midterm,Assignment 6,84.9,100,0.2,2025-11-19
GRD000392,ENR000392,Project,Assignment 13,81.3,100,0.2,2025-10-17
GRD000393,ENR000393,Homework,Assignment 5,90.9,100,0.2,2025-07-28
GRD000394,ENR000394,Project,Assignment 19,93.5,100,0.3,2025-09-09
GRD000395,ENR000395,Final,Assignment 6,97.3,100,0.2,2025-09-13
GRD000396,ENR000396,Final,Assignment 20,66.0,100,0.25,2025-10-23
GRD000397,ENR000397,Midterm,Assignment 14,61.0,100,0.25,2025-09-02
GRD000398,ENR000398,Quiz,Assignment 11,86.6,100,0.1,2025-10-08
GRD000399,ENR000399,Homework,Assignment 16,92.0,100,0.3,2025-08-04
GRD000400,ENR000400,Final,Assignment 12,63.0,100,0.3,2025-10-29
GRD000401,ENR000401,Final,Assignment 17,70.0,100,0.2,2025-10-27
GRD000402,ENR000402,Homework,Assignment 6,78.2,100,0.15,2025-10-20
GRD000403,ENR000403,Midterm,Assignment 11,81.2,100,0.1,2025-08-30
GRD000404,ENR000404,Homework,Assignment 20,99.7,100,0.25,2025-08-27
GRD000405,ENR000405,Quiz,Assignment 4,67.9,100,0.2,2025-10-01
GRD000406,ENR000406,Homework,Assignment 13,71.1,100,0.25,2025-11-14
GRD000407,ENR000407,Midterm,Assignment 5,97.5,100,0.25,2025-08-17
GRD000408,ENR000408,Midterm,Assignment 8,66.0,100,0.15,2025-11-07
GRD000409,ENR000409,Midterm,Assignment 15,61.6,100,0.3,2025-11-11
GRD000410,ENR000410,Homework,Assignment 4,70.8,100,0.1,2025-11-02
GRD000411,ENR000411,Project,Assignment 15,62.9,100,0.3,2025-09-16
GRD000412,ENR000412,Midterm,Assignment 2,91.0,100,0.3,2025-09-08
GRD000413,ENR000413,Midterm,Assignment 8,77.9,100,0.2,2025-09-14
GRD000414,ENR000414,Homework,Assignment 5,95.8,100,0.3,2025-11-09
GRD000415,ENR000415,Final,Assignment 20,70.0,100,0.1,2025-09-18
GRD000416,ENR000416,Homework,Assignment 11,80.6,100,0.3,2025-09-07
GRD000417,ENR000417,Homework,Assignment 11,94.1,100,0.3,2025-11-18
GRD000418,ENR000418,Project,Assignment 4,70.7,100,0.15,2025-10-27
GRD000419,ENR000419,Midterm,Assignment 1,73.6,100,0.1,2025-09-14
GRD000420,ENR000420,Homework,Assignment 2,73.6,100,0.15,2025-10-11
GRD000421,ENR000421,Project,Assignment 14,92.4,100,0.3,2025-09-09
GRD000422,ENR000422,Homework,Assignment 6,98.5,100,0.15,2025-11-15
GRD000423,ENR000423,Homework,Assignment 14,88.1,100,0.3,2025-10-16
GRD000424,ENR000424,Final,Assignment 1,95.6,100,0.1,2025-11-03
GRD000425,ENR000425,Midterm,Assignment 14,98.5,100,0.25,2025-08-16
GRD000426,ENR000426,Midterm,Assignment 5,80.2,100,0.15,2025-08-25
GRD000427,ENR000427,Midterm,Assignment 19,80.9,100,0.15,2025-10-04
GRD000428,ENR000428,Quiz,Assignment 2,78.3,100,0.2,2025-09-05
GRD000429,ENR000429,Project,Assignment 18,91.3,100,0.2,2025-09-10
GRD000430,ENR000430,Midterm,Assignment 20,63.0,100,0.15,2025-10-05
GRD000431,ENR000431,Homework,Assignment 19,65.9,100,0.15,2025-10-26
GRD000432,ENR000432,Homework,Assignment 9,89.8,100,0.2,2025-10-01
GRD000433,ENR000433,Midterm,Assignment 16,88.6,100,0.1,2025-08-18
GRD000434,ENR000434,Final,Assignment 13,74.2,100,0.3,2025-09-04
GRD000435,ENR000435,Homework,Assignment 7,60.9,100,0.3,2025-09-05
GRD000436,ENR000436,Midterm,Assignment 2,72.1,100,0.3,2025-09-12
GRD000437,ENR000437,Final,Assignment 10,86.0,100,0.25,2025-10-20
GRD000438,ENR000438,Midterm,Assignment 2,81.1,100,0.15,2025-08-03
GRD000439,ENR000439,Project,Assignment 11,67.6,100,0.15,2025-08-17
GRD000440,ENR000440,Quiz,Assignment 8,60.9,100,0.15,2025-10-20
GRD000441,ENR000441,Project,Assignment 16,75.4,100,0.1,2025-07-29
GRD000442,ENR000442,Quiz,Assignment 14,63.9,100,0.15,2025-08-30
GRD000443,ENR000443,Project,Assignment 12,92.6,100,0.2,2025-09-22
GRD000444,ENR000444,Midterm,Assignment 11,81.8,100,0.1,2025-09-20
GRD000445,ENR000445,Homework,Assignment 11,94.2,100,0.15,2025-09-11
GRD000446,ENR000446,Quiz,Assignment 10,95.4,100,0.1,2025-09-18
GRD000447,ENR000447,Quiz,Assignment 12,70.9,100,0.2,2025-08-08
GRD000448,ENR000448,Quiz,Assignment 16,80.6,100,0.2,2025-09-12
GRD000449,ENR000449,Project,Assignment 17,65.0,100,0.15,2025-11-22
GRD000450,ENR000450,Final,Assignment 20,75.3,100,0.25,2025-09-06
GRD000451,ENR000451,Quiz,Assignment 6,74.8,100,0.3,2025-10-01
GRD000452,ENR000452,Quiz,Assignment 15,77.4,100,0.15,2025-11-06
GRD000453,ENR000453,Quiz,Assignment 14,81.6,100,0.1,2025-08-12
GRD000454,ENR000454,Quiz,Assignment 16,73.6,100,0.2,2025-11-08
GRD000455,ENR000455,Project,Assignment 7,84.5,100,0.3,2025-08-25
GRD000456,ENR000456,Midterm,Assignment 11,85.4,100,0.25,2025-08-09
GRD000457,ENR000457,Project,Assignment 2,66.4,100,0.15,2025-08-01
GRD000458,ENR000458,Project,Assignment 1,63.5,100,0.25,2025-09-21
GRD000459,ENR000459,Homework,Assignment 1,76.8,100,0.3,2025-10-17
GRD000460,ENR000460,Midterm,Assignment 1,65.3,100,0.25,2025-08-31
GRD000461,ENR000461,Project,Assignment 10,70.7,100,0.15,2025-08-16
GRD000462,ENR000462,Midterm,Assignment 7,71.1,100,0.2,2025-08-26
GRD000463,ENR000463,Quiz,Assignment 20,62.9,100,0.15,2025-10-31
GRD000464,ENR000464,Quiz,Assignment 4,93.1,100,0.25,2025-08-08
GRD000465,ENR000465,Final,Assignment 15,94.3,100,0.1,2025-08-02
GRD000466,ENR000466,Final,Assignment 14,85.6,100,0.2,2025-09-24
GRD000467,ENR000467,Final,Assignment 5,90.0,100,0.1,2025-11-13
GRD000468,ENR000468,Homework,Assignment 10,60.1,100,0.15,2025-09-19
GRD000469,ENR000469,Midterm,Assignment 8,89.7,100,0.3,2025-11-01
GRD000470,ENR000470,Final,Assignment 1,91.7,100,0.3,2025-09-27
GRD000471,ENR000471,Final,Assignment 16,91.4,100,0.2,2025-09-02
GRD000472,ENR000472,Quiz,Assignment 7,94.7,100,0.2,2025-11-05
GRD000473,ENR000473,Quiz,Assignment 11,68.5,100,0.15,2025-09-06
GRD000474,ENR000474,Quiz,Assignment 5,70.5,100,0.2,2025-08-02
GRD000475,ENR000475,Final,Assignment 16,78.0,100,0.15,2025-09-26
GRD000476,ENR000476,Final,Assignment 9,74.5,100,0.2,2025-11-17
GRD000477,ENR000477,Quiz,Assignment 4,86.3,100,0.3,2025-09-17
GRD000478,ENR000478,Midterm,Assignment 6,63.7,100,0.2,2025-09-17
GRD000479,ENR000479,Midterm,Assignment 14,99.8,100,0.15,2025-08-24
GRD000480,ENR000480,Final,Assignment 7,81.2,100,0.3,2025-08-10
GRD000481,ENR000481,Final,Assignment 18,79.6,100,0.3,2025-08-04
GRD000482,ENR000482,Midterm,Assignment 6,92.5,100,0.1,2025-08-18
GRD000483,ENR000483,Midterm,Assignment 15,73.2,100,0.3,2025-08-17
GRD000484,ENR000484,Project,Assignment 8,74.7,100,0.3,2025-08-14
GRD000485,ENR000485,Project,Assignment 10,77.9,100,0.25,2025-11-16
GRD000486,ENR000486,Final,Assignment 19,88.1,100,0.15,2025-08-28
GRD000487,ENR000487,Project,Assignment 6,81.0,100,0.15,2025-11-07
GRD000488,ENR000488,Homework,Assignment 5,99.6,100,0.2,2025-10-15
GRD000489,ENR000489,Final,Assignment 3,94.1,100,0.25,2025-09-09
GRD000490,ENR000490,Midterm,Assignment 14,89.8,100,0.25,2025-09-02
GRD000491,ENR000491,Final,Assignment 17,86.6,100,0.1,2025-09-18
GRD000492,ENR000492,Project,Assignment 17,91.5,100,0.15,2025-08-24
GRD000493,ENR000493,Final,Assignment 3,94.9,100,0.3,2025-10-13
GRD000494,ENR000494,Project,Assignment 10,91.2,100,0.2,2025-08-15
GRD000495,ENR000495,Project,Assignment 5,88.2,100,0.1,2025-11-09
GRD000496,ENR000496,Project,Assignment 11,89.9,100,0.15,2025-10-25
GRD000497,ENR000497,Midterm,Assignment 2,63.5,100,0.2,2025-09-26
GRD000498,ENR000498,Quiz,Assignment 16,79.5,100,0.25,2025-11-06
GRD000499,ENR000499,Final,Assignment 7,80.2,100,0.3,2025-10-06
GRD000500,ENR000500,Midterm,Assignment 10,90.6,100,0.3,2025-09-05
GRD000501,ENR000501,Final,Assignment 15,82.8,100,0.25,2025-09-14
GRD000502,ENR000502,Quiz,Assignment 5,60.8,100,0.3,2025-08-24
GRD000503,ENR000503,Homework,Assignment 1,91.6,100,0.1,2025-08-20
GRD000504,ENR000504,Midterm,Assignment 6,80.2,100,0.25,2025-08-30
GRD000505,ENR000505,Final,Assignment 20,62.3,100,0.15,2025-10-14
GRD000506,ENR000506,Homework,Assignment 11,79.5,100,0.3,2025-10-11
GRD000507,ENR000507,Homework,Assignment 9,94.7,100,0.1,2025-09-12
GRD000508,ENR000508,Final,Assignment 15,63.9,100,0.1,2025-08-31
GRD000509,ENR000509,Project,Assignment 1,60.1,100,0.2,2025-09-04
GRD000510,ENR000510,Midterm,Assignment 17,87.8,100,0.15,2025-10-20
GRD000511,ENR000511,Quiz,Assignment 6,79.4,100,0.2,2025-08-03
GRD000512,ENR000512,Project,Assignment 13,76.9,100,0.15,2025-09-05
GRD000513,ENR000513,Midterm,Assignment 17,67.9,100,0.1,2025-10-10
GRD000514,ENR000514,Homework,Assignment 15,65.0,100,0.25,2025-11-04
GRD000515,ENR000515,Midterm,Assignment 3,67.2,100,0.15,2025-08-05
GRD000516,ENR000516,Midterm,Assignment 7,90.4,100,0.15,2025-10-13
GRD000517,ENR000517,Quiz,Assignment 14,78.5,100,0.25,2025-08-28
GRD000518,ENR000518,Final,Assignment 16,77.8,100,0.2,2025-07-31
GRD000519,ENR000519,Quiz,Assignment 13,92.0,100,0.2,2025-09-16
GRD000520,ENR000520,Final,Assignment 11,61.9,100,0.1,2025-11-22
GRD000521,ENR000521,Midterm,Assignment 19,77.5,100,0.1,2025-10-22
GRD000522,ENR000522,Homework,Assignment 16,96.5,100,0.1,2025-09-04
GRD000523,ENR000523,Quiz,Assignment 17,61.2,100,0.25,2025-11-13
GRD000524,ENR000524,Project,Assignment 20,61.4,100,0.2,2025-10-04
GRD000525,ENR000525,Final,Assignment 14,84.2,100,0.25,2025-08-09
GRD000526,ENR000526,Midterm,Assignment 16,66.1,100,0.1,2025-09-26
GRD000527,ENR000527,Homework,Assignment 6,71.6,100,0.15,2025-10-07
GRD000528,ENR000528,Final,Assignment 14,80.0,100,0.15,2025-08-15
GRD000529,ENR000529,Homework,Assignment 7,66.1,100,0.15,2025-10-05
GRD000530,ENR000530,Project,Assignment 12,88.6,100,0.2,2025-10-13
GRD000531,ENR000531,Project,Assignment 15,89.1,100,0.25,2025-09-22
GRD000532,ENR000532,Quiz,Assignment 11,89.2,100,0.25,2025-09-13
GRD000533,ENR000533,Homework,Assignment 2,86.4,100,0.15,2025-09-18
GRD000534,ENR000534,Quiz,Assignment 20,71.9,100,0.25,2025-08-08
GRD000535,ENR000535,Final,Assignment 9,97.9,100,0.25,2025-08-20
GRD000536,ENR000536,Homework,Assignment 6,87.2,100,0.1,2025-10-21
GRD000537,ENR000537,Project,Assignment 20,68.2,100,0.25,2025-08-30
GRD000538,ENR000538,Quiz,Assignment 4,90.8,100,0.25,2025-11-01
GRD000539,ENR000539,Final,Assignment 11,75.8,100,0.2,2025-10-22
GRD000540,ENR000540,Quiz,Assignment 19,94.7,100,0.1,2025-09-10
GRD000541,ENR000541,Midterm,Assignment 3,85.2,100,0.2,2025-10-04
GRD000542,ENR000542,Final,Assignment 7,100.0,100,0.1,2025-09-01
GRD000543,ENR000543,Final,Assignment 7,75.6,100,0.1,2025-08-14
GRD000544,ENR000544,Homework,Assignment 12,87.2,100,0.25,2025-10-21
GRD000545,ENR000545,Homework,Assignment 15,80.4,100,0.1,2025-08-04
GRD000546,ENR000546,Midterm,Assignment 17,64.3,100,0.15,2025-08-21
GRD000547,ENR000547,Midterm,Assignment 7,94.9,100,0.25,2025-08-20
GRD000548,ENR000548,Quiz,Assignment 20,76.6,100,0.15,2025-09-23
GRD000549,ENR000549,Quiz,Assignment 20,72.7,100,0.3,2025-10-04
GRD000550,ENR000550,Final,Assignment 15,78.8,100,0.1,2025-10-12
GRD000551,ENR000551,Midterm,Assignment 10,80.7,100,0.3,2025-08-24
GRD000552,ENR000552,Homework,Assignment 16,63.6,100,0.15,2025-08-27
GRD000553,ENR000553,Project,Assignment 20,75.4,100,0.3,2025-07-27
GRD000554,ENR000554,Homework,Assignment 11,71.7,100,0.3,2025-10-31
GRD000555,ENR000555,Final,Assignment 1,62.0,100,0.15,2025-09-11
GRD000556,ENR000556,Quiz,Assignment 7,91.0,100,0.1,2025-10-27
GRD000557,ENR000557,Quiz,Assignment 13,80.4,100,0.15,2025-09-24
GRD000558,ENR000558,Midterm,Assignment 14,60.8,100,0.1,2025-10-23
GRD000559,ENR000559,Final,Assignment 18,93.8,100,0.2,2025-11-14
GRD000560,ENR000560,Midterm,Assignment 16,79.3,100,0.15,2025-08-21
GRD000561,ENR000561,Project,Assignment 3,81.1,100,0.15,2025-08-26
GRD000562,ENR000562,Midterm,Assignment 3,88.9,100,0.2,2025-08-14
GRD000563,ENR000563,Final,Assignment 3,78.9,100,0.2,2025-10-11
GRD000564,ENR000564,Project,Assignment 20,66.3,100,0.15,2025-08-27
GRD000565,ENR000565,Midterm,Assignment 12,95.3,100,0.3,2025-10-13
GRD000566,ENR000566,Project,Assignment 16,86.7,100,0.25,2025-10-30
GRD000567,ENR000567,Homework,Assignment 5,90.7,100,0.3,2025-08-16
GRD000568,ENR000568,Quiz,Assignment 20,97.1,100,0.15,2025-10-09
GRD000569,ENR000569,Quiz,Assignment 18,94.2,100,0.3,2025-09-06
GRD000570,ENR000570,Final,Assignment 4,75.0,100,0.15,2025-10-10
GRD000571,ENR000571,Project,Assignment 14,72.0,100,0.15,2025-10-02
GRD000572,ENR000572,Project,Assignment 10,94.0,100,0.25,2025-10-20
GRD000573,ENR000573,Final,Assignment 9,87.0,100,0.2,2025-11-19
GRD000574,ENR000574,Final,Assignment 5,95.9,100,0.15,2025-11-10
GRD000575,ENR000575,Homework,Assignment 4,99.9,100,0.2,2025-08-23
GRD000576,ENR000576,Homework,Assignment 17,81.9,100,0.3,2025-09-23
GRD000577,ENR000577,Midterm,Assignment 13,89.6,100,0.2,2025-08-19
GRD000578,ENR000578,Homework,Assignment 11,81.7,100,0.1,2025-10-14
GRD000579,ENR000579,Project,Assignment 1,64.4,100,0.3,2025-07-31
GRD000580,ENR000580,Project,Assignment 14,79.5,100,0.25,2025-08-13
GRD000581,ENR000581,Midterm,Assignment 9,80.0,100,0.1,2025-09-09
GRD000582,ENR000582,Quiz,Assignment 15,81.3,100,0.3,2025-09-30
GRD000583,ENR000583,Final,Assignment 7,93.2,100,0.2,2025-10-05
GRD000584,ENR000584,Midterm,Assignment 8,97.4,100,0.15,2025-10-16
GRD000585,ENR000585,Final,Assignment 15,71.1,100,0.3,2025-10-02
GRD000586,ENR000586,Quiz,Assignment 7,98.1,100,0.3,2025-08-01
GRD000587,ENR000587,Quiz,Assignment 5,91.7,100,0.25,2025-07-29
GRD000588,ENR000588,Quiz,Assignment 17,64.6,100,0.1,2025-10-10
GRD000589,ENR000589,Homework,Assignment 6,68.7,100,0.2,2025-10-28
GRD000590,ENR000590,Project,Assignment 16,69.8,100,0.2,2025-11-17
GRD000591,ENR000591,Midterm,Assignment 6,64.6,100,0.2,2025-11-22
GRD000592,ENR000592,Midterm,Assignment 1,70.1,100,0.15,2025-08-19
GRD000593,ENR000593,Final,Assignment 1,85.0,100,0.3,2025-09-30
GRD000594,ENR000594,Quiz,Assignment 20,63.0,100,0.2,2025-09-09
GRD000595,ENR000595,Final,Assignment 15,69.4,100,0.25,2025-10-06
GRD000596,ENR000596,Homework,Assignment 19,81.3,100,0.2,2025-09-10
GRD000597,ENR000597,Homework,Assignment 20,82.3,100,0.25,2025-08-19
GRD000598,ENR000598,Midterm,Assignment 16,99.1,100,0.15,2025-10-05
GRD000599,ENR000599,Final,Assignment 12,68.2,100,0.25,2025-09-02
GRD000600,ENR000600,Project,Assignment 17,74.0,100,0.25,2025-08-12
GRD000601,ENR000601,Midterm,Assignment 17,89.9,100,0.2,2025-07-31
GRD000602,ENR000602,Midterm,Assignment 15,64.7,100,0.1,2025-08-13
GRD000603,ENR000603,Project,Assignment 18,70.1,100,0.2,2025-10-21
GRD000604,ENR000604,Project,Assignment 13,62.6,100,0.25,2025-10-23
GRD000605,ENR000605,Project,Assignment 11,67.2,100,0.25,2025-10-22
GRD000606,ENR000606,Final,Assignment 16,79.3,100,0.15,2025-09-28
GRD000607,ENR000607,Quiz,Assignment 3,65.7,100,0.3,2025-10-19
GRD000608,ENR000608,Project,Assignment 15,77.8,100,0.25,2025-07-31
GRD000609,ENR000609,Homework,Assignment 20,63.3,100,0.3,2025-08-19
GRD000610,ENR000610,Project,Assignment 17,78.8,100,0.2,2025-09-21
GRD000611,ENR000611,Project,Assignment 18,93.9,100,0.15,2025-11-07
GRD000612,ENR000612,Quiz,Assignment 20,61.6,100,0.1,2025-07-29
GRD000613,ENR000613,Homework,Assignment 11,83.6,100,0.2,2025-10-18
GRD000614,ENR000614,Midterm,Assignment 4,77.5,100,0.25,2025-10-13
GRD000615,ENR000615,Project,Assignment 12,71.4,100,0.2,2025-08-22
GRD000616,ENR000616,Project,Assignment 3,82.9,100,0.2,2025-10-16
GRD000617,ENR000617,Quiz,Assignment 10,76.3,100,0.25,2025-11-10
GRD000618,ENR000618,Quiz,Assignment 7,84.4,100,0.15,2025-08-02
GRD000619,ENR000619,Homework,Assignment 14,73.4,100,0.15,2025-10-07
GRD000620,ENR000620,Quiz,Assignment 12,84.5,100,0.25,2025-10-14
GRD000621,ENR000621,Project,Assignment 18,60.8,100,0.25,2025-08-12
GRD000622,ENR000622,Quiz,Assignment 17,67.4,100,0.1,2025-09-08
GRD000623,ENR000623,Final,Assignment 1,81.0,100,0.3,2025-09-22
GRD000624,ENR000624,Midterm,Assignment 16,80.2,100,0.3,2025-11-05
GRD000625,ENR000625,Final,Assignment 7,78.6,100,0.25,2025-10-23
GRD000626,ENR000626,Homework,Assignment 19,97.3,100,0.25,2025-10-26
GRD000627,ENR000627,Project,Assignment 17,89.0,100,0.25,2025-08-07
GRD000628,ENR000628,Final,Assignment 14,61.1,100,0.25,2025-08-31
GRD000629,ENR000629,Project,Assignment 16,80.1,100,0.2,2025-07-27
GRD000630,ENR000630,Midterm,Assignment 1,91.6,100,0.1,2025-08-28
GRD000631,ENR000631,Midterm,Assignment 9,99.8,100,0.1,2025-09-28
GRD000632,ENR000632,Quiz,Assignment 20,76.0,100,0.3,2025-08-01
GRD000633,ENR000633,Homework,Assignment 3,60.7,100,0.25,2025-09-06
GRD000634,ENR000634,Quiz,Assignment 6,87.6,100,0.15,2025-10-03
GRD000635,ENR000635,Midterm,Assignment 5,77.9,100,0.15,2025-10-10
GRD000636,ENR000636,Midterm,Assignment 13,69.5,100,0.2,2025-09-05
GRD000637,ENR000637,Midterm,Assignment 3,89.5,100,0.25,2025-09-21
GRD000638,ENR000638,Homework,Assignment 3,78.4,100,0.2,2025-10-28
GRD000639,ENR000639,Project,Assignment 18,93.6,100,0.25,2025-11-02
GRD000640,ENR000640,Midterm,Assignment 11,82.1,100,0.3,2025-08-15
GRD000641,ENR000641,Project,Assignment 15,86.8,100,0.3,2025-08-30
GRD000642,ENR000642,Project,Assignment 10,60.3,100,0.2,2025-08-24
GRD000643,ENR000643,Midterm,Assignment 7,87.6,100,0.1,2025-10-08
GRD000644,ENR000644,Quiz,Assignment 13,73.5,100,0.25,2025-11-05
GRD000645,ENR000645,Final,Assignment 17,68.7,100,0.3,2025-10-07
GRD000646,ENR000646,Homework,Assignment 15,89.6,100,0.1,2025-10-10
GRD000647,ENR000647,Homework,Assignment 7,94.1,100,0.25,2025-09-07
GRD000648,ENR000648,Final,Assignment 15,67.3,100,0.15,2025-09-16
GRD000649,ENR000649,Homework,Assignment 11,75.5,100,0.15,2025-09-14
GRD000650,ENR000650,Final,Assignment 1,93.1,100,0.15,2025-09-23
GRD000651,ENR000651,Project,Assignment 11,69.0,100,0.3,2025-08-03
GRD000652,ENR000652,Project,Assignment 5,64.5,100,0.3,2025-11-02
GRD000653,ENR000653,Midterm,Assignment 3,68.9,100,0.1,2025-09-23
GRD000654,ENR000654,Quiz,Assignment 1,94.8,100,0.25,2025-08-27
GRD000655,ENR000655,Quiz,Assignment 19,61.4,100,0.3,2025-10-07
GRD000656,ENR000656,Project,Assignment 7,61.3,100,0.3,2025-10-21
GRD000657,ENR000657,Project,Assignment 7,99.1,100,0.25,2025-08-16
GRD000658,ENR000658,Project,Assignment 4,76.9,100,0.15,2025-10-29
GRD000659,ENR000659,Project,Assignment 13,77.0,100,0.25,2025-11-18
GRD000660,ENR000660,Final,Assignment 16,79.2,100,0.2,2025-09-12
GRD000661,ENR000661,Midterm,Assignment 15,91.4,100,0.2,2025-10-17
GRD000662,ENR000662,Homework,Assignment 1,72.7,100,0.25,2025-09-23
GRD000663,ENR000663,Quiz,Assignment 12,99.1,100,0.2,2025-11-18
GRD000664,ENR000664,Quiz,Assignment 11,87.5,100,0.3,2025-09-01
GRD000665,ENR000665,Project,Assignment 17,81.9,100,0.1,2025-09-04
GRD000666,ENR000666,Project,Assignment 11,92.2,100,0.3,2025-09-27
GRD000667,ENR000667,Quiz,Assignment 7,73.7,100,0.3,2025-10-17
GRD000668,ENR000668,Midterm,Assignment 16,85.2,100,0.1,2025-09-17
GRD000669,ENR000669,Homework,Assignment 5,71.5,100,0.1,2025-11-21
GRD000670,ENR000670,Midterm,Assignment 3,74.8,100,0.25,2025-08-21
GRD000671,ENR000671,Midterm,Assignment 19,69.8,100,0.25,2025-10-06
GRD000672,ENR000672,Homework,Assignment 17,86.8,100,0.25,2025-08-17
GRD000673,ENR000673,Homework,Assignment 3,73.7,100,0.2,2025-09-04
GRD000674,ENR000674,Final,Assignment 14,63.6,100,0.2,2025-11-21
GRD000675,ENR000675,Midterm,Assignment 15,86.5,100,0.2,2025-11-18
GRD000676,ENR000676,Homework,Assignment 2,94.9,100,0.2,2025-10-12
GRD000677,ENR000677,Project,Assignment 10,61.4,100,0.3,2025-09-09
GRD000678,ENR000678,Quiz,Assignment 5,85.0,100,0.1,2025-10-03
GRD000679,ENR000679,Project,Assignment 20,87.3,100,0.25,2025-10-15
GRD000680,ENR000680,Project,Assignment 10,85.0,100,0.2,2025-09-29
GRD000681,ENR000681,Midterm,Assignment 17,97.8,100,0.15,2025-08-15
GRD000682,ENR000682,Final,Assignment 7,82.5,100,0.25,2025-10-17
GRD000683,ENR000683,Final,Assignment 5,94.8,100,0.2,2025-10-08
GRD000684,ENR000684,Midterm,Assignment 17,96.7,100,0.1,2025-09-22
GRD000685,ENR000685,Homework,Assignment 17,89.2,100,0.15,2025-10-10
GRD000686,ENR000686,Homework,Assignment 10,94.8,100,0.15,2025-10-21
GRD000687,ENR000687,Midterm,Assignment 20,85.2,100,0.25,2025-10-03
GRD000688,ENR000688,Quiz,Assignment 20,61.4,100,0.1,2025-08-22
GRD000689,ENR000689,Homework,Assignment 9,74.3,100,0.3,2025-07-30
GRD000690,ENR000690,Project,Assignment 1,70.9,100,0.3,2025-08-04
GRD000691,ENR000691,Project,Assignment 14,79.8,100,0.15,2025-08-08
GRD000692,ENR000692,Midterm,Assignment 4,72.1,100,0.3,2025-10-06
GRD000693,ENR000693,Homework,Assignment 15,62.0,100,0.3,2025-09-20
GRD000694,ENR000694,Final,Assignment 7,62.9,100,0.1,2025-09-09
GRD000695,ENR000695,Project,Assignment 4,95.5,100,0.25,2025-09-16
GRD000696,ENR000696,Project,Assignment 4,68.9,100,0.1,2025-10-25
GRD000697,ENR000697,Project,Assignment 10,75.2,100,0.1,2025-08-29
GRD000698,ENR000698,Quiz,Assignment 18,63.8,100,0.1,2025-11-11
GRD000699,ENR000699,Final,Assignment 9,73.0,100,0.25,2025-10-05
GRD000700,ENR000700,Quiz,Assignment 12,77.6,100,0.1,2025-11-04
GRD000701,ENR000701,Midterm,Assignment 8,76.9,100,0.15,2025-09-28
GRD000702,ENR000702,Final,Assignment 19,80.0,100,0.25,2025-11-01
GRD000703,ENR000703,Quiz,Assignment 19,74.2,100,0.25,2025-08-14
GRD000704,ENR000704,Project,Assignment 10,79.5,100,0.2,2025-11-19
GRD000705,ENR000705,Project,Assignment 2,85.2,100,0.3,2025-09-06
GRD000706,ENR000706,Final,Assignment 4,78.6,100,0.15,2025-09-01
GRD000707,ENR000707,Quiz,Assignment 3,90.3,100,0.25,2025-11-11
GRD000708,ENR000708,Final,Assignment 2,95.8,100,0.15,2025-10-06
GRD000709,ENR000709,Homework,Assignment 9,93.4,100,0.2,2025-09-27
GRD000710,ENR000710,Homework,Assignment 14,73.3,100,0.2,2025-10-21
GRD000711,ENR000711,Homework,Assignment 12,67.4,100,0.2,2025-10-18
GRD000712,ENR000712,Midterm,Assignment 17,89.6,100,0.15,2025-09-08
GRD000713,ENR000713,Final,Assignment 20,71.4,100,0.2,2025-10-22
GRD000714,ENR000714,Homework,Assignment 19,91.9,100,0.1,2025-08-09
GRD000715,ENR000715,Quiz,Assignment 15,82.3,100,0.2,2025-09-08
GRD000716,ENR000716,Project,Assignment 16,93.1,100,0.15,2025-11-21
GRD000717,ENR000717,Project,Assignment 7,92.4,100,0.15,2025-09-28
GRD000718,ENR000718,Quiz,Assignment 20,75.7,100,0.2,2025-08-21
GRD000719,ENR000719,Quiz,Assignment 10,96.0,100,0.25,2025-08-30
GRD000720,ENR000720,Final,Assignment 1,88.2,100,0.25,2025-10-18
GRD000721,ENR000721,Homework,Assignment 10,77.5,100,0.2,2025-11-23
GRD000722,ENR000722,Quiz,Assignment 14,87.8,100,0.15,2025-10-09
GRD000723,ENR000723,Quiz,Assignment 10,66.2,100,0.2,2025-10-11
GRD000724,ENR000724,Final,Assignment 3,82.3,100,0.15,2025-08-11
GRD000725,ENR000725,Final,Assignment 5,93.2,100,0.15,2025-09-16
GRD000726,ENR000726,Midterm,Assignment 4,94.5,100,0.2,2025-10-10
GRD000727,ENR000727,Homework,Assignment 1,83.0,100,0.2,2025-10-20
GRD000728,ENR000728,Quiz,Assignment 12,90.9,100,0.25,2025-10-11
GRD000729,ENR000729,Homework,Assignment 12,76.1,100,0.3,2025-09-20
GRD000730,ENR000730,Homework,Assignment 17,96.2,100,0.3,2025-07-28
GRD000731,ENR000731,Quiz,Assignment 1,77.5,100,0.25,2025-11-14
GRD000732,ENR000732,Quiz,Assignment 13,67.5,100,0.2,2025-11-19
GRD000733,ENR000733,Quiz,Assignment 20,68.5,100,0.3,2025-07-27
GRD000734,ENR000734,Homework,Assignment 8,66.1,100,0.25,2025-11-03
GRD000735,ENR000735,Final,Assignment 8,69.8,100,0.25,2025-11-07
GRD000736,ENR000736,Final,Assignment 15,96.6,100,0.25,2025-09-28
GRD000737,ENR000737,Midterm,Assignment 14,95.3,100,0.2,2025-07-30
GRD000738,ENR000738,Project,Assignment 17,94.4,100,0.3,2025-09-03
GRD000739,ENR000739,Midterm,Assignment 13,81.5,100,0.25,2025-09-03
GRD000740,ENR000740,Final,Assignment 10,83.3,100,0.15,2025-09-11
GRD000741,ENR000741,Midterm,Assignment 9,84.3,100,0.15,2025-08-15
GRD000742,ENR000742,Homework,Assignment 7,76.7,100,0.2,2025-09-03
GRD000743,ENR000743,Final,Assignment 6,99.5,100,0.25,2025-10-02
GRD000744,ENR000744,Project,Assignment 9,88.4,100,0.3,2025-08-03
GRD000745,ENR000745,Homework,Assignment 11,69.2,100,0.25,2025-08-01
GRD000746,ENR000746,Final,Assignment 17,68.4,100,0.15,2025-11-19
GRD000747,ENR000747,Quiz,Assignment 3,75.9,100,0.15,2025-08-04
GRD000748,ENR000748,Homework,Assignment 16,78.0,100,0.1,2025-10-11
GRD000749,ENR000749,Quiz,Assignment 10,61.6,100,0.15,2025-09-14
GRD000750,ENR000750,Project,Assignment 8,67.6,100,0.1,2025-09-01
GRD000751,ENR000751,Midterm,Assignment 4,80.5,100,0.1,2025-10-04
GRD000752,ENR000752,Final,Assignment 9,81.6,100,0.1,2025-11-03
GRD000753,ENR000753,Quiz,Assignment 14,65.4,100,0.1,2025-08-04
GRD000754,ENR000754,Homework,Assignment 20,68.9,100,0.3,2025-08-08
GRD000755,ENR000755,Project,Assignment 12,98.2,100,0.1,2025-11-09
GRD000756,ENR000756,Midterm,Assignment 9,91.0,100,0.15,2025-09-12
GRD000757,ENR000757,Final,Assignment 18,96.4,100,0.2,2025-09-22
GRD000758,ENR000758,Quiz,Assignment 9,92.4,100,0.2,2025-09-10
GRD000759,ENR000759,Homework,Assignment 1,87.0,100,0.25,2025-11-22
GRD000760,ENR000760,Project,Assignment 14,93.8,100,0.15,2025-08-24
GRD000761,ENR000761,Final,Assignment 12,62.4,100,0.25,2025-11-19
GRD000762,ENR000762,Quiz,Assignment 14,96.5,100,0.15,2025-08-12
GRD000763,ENR000763,Quiz,Assignment 10,94.5,100,0.25,2025-09-14
GRD000764,ENR000764,Project,Assignment 5,65.8,100,0.2,2025-11-10
GRD000765,ENR000765,Project,Assignment 5,94.8,100,0.25,2025-09-02
GRD000766,ENR000766,Homework,Assignment 8,73.5,100,0.25,2025-11-07
GRD000767,ENR000767,Homework,Assignment 2,81.2,100,0.1,2025-11-14
GRD000768,ENR000768,Midterm,Assignment 16,93.8,100,0.3,2025-09-21
GRD000769,ENR000769,Homework,Assignment 13,65.4,100,0.3,2025-08-02
GRD000770,ENR000770,Project,Assignment 3,61.5,100,0.3,2025-09-23
GRD000771,ENR000771,Midterm,Assignment 6,94.7,100,0.25,2025-09-17
GRD000772,ENR000772,Final,Assignment 14,97.3,100,0.1,2025-09-16
GRD000773,ENR000773,Quiz,Assignment 14,82.1,100,0.25,2025-09-13
GRD000774,ENR000774,Quiz,Assignment 4,71.6,100,0.25,2025-10-26
GRD000775,ENR000775,Final,Assignment 7,62.2,100,0.25,2025-11-13
GRD000776,ENR000776,Midterm,Assignment 7,83.1,100,0.15,2025-09-05
GRD000777,ENR000777,Homework,Assignment 20,95.7,100,0.15,2025-11-20
GRD000778,ENR000778,Homework,Assignment 11,93.8,100,0.25,2025-11-01
GRD000779,ENR000779,Final,Assignment 2,79.3,100,0.15,2025-09-01
GRD000780,ENR000780,Midterm,Assignment 16,71.4,100,0.2,2025-08-01
GRD000781,ENR000781,Final,Assignment 20,80.9,100,0.3,2025-08-08
GRD000782,ENR000782,Project,Assignment 20,66.9,100,0.15,2025-11-02
GRD000783,ENR000783,Final,Assignment 8,81.3,100,0.2,2025-11-01
GRD000784,ENR000784,Quiz,Assignment 20,91.4,100,0.15,2025-11-01
GRD000785,ENR000785,Quiz,Assignment 19,78.1,100,0.15,2025-08-17
GRD000786,ENR000786,Midterm,Assignment 9,61.5,100,0.2,2025-09-09
GRD000787,ENR000787,Quiz,Assignment 18,87.4,100,0.2,2025-09-22
GRD000788,ENR000788,Midterm,Assignment 10,69.4,100,0.1,2025-09-20
GRD000789,ENR000789,Project,Assignment 13,91.5,100,0.2,2025-09-08
GRD000790,ENR000790,Midterm,Assignment 15,81.8,100,0.1,2025-09-24
GRD000791,ENR000791,Project,Assignment 6,89.5,100,0.2,2025-08-19
GRD000792,ENR000792,Final,Assignment 7,76.0,100,0.3,2025-08-09
GRD000793,ENR000793,Project,Assignment 8,79.1,100,0.2,2025-10-08
GRD000794,ENR000794,Midterm,Assignment 1,71.2,100,0.2,2025-09-15
GRD000795,ENR000795,Quiz,Assignment 18,79.7,100,0.1,2025-11-22
GRD000796,ENR000796,Final,Assignment 15,98.8,100,0.3,2025-09-10
GRD000797,ENR000797,Homework,Assignment 7,64.6,100,0.15,2025-11-11
GRD000798,ENR000798,Homework,Assignment 8,90.6,100,0.3,2025-08-25
GRD000799,ENR000799,Project,Assignment 1,71.3,100,0.15,2025-10-24
GRD000800,ENR000800,Homework,Assignment 12,86.9,100,0.3,2025-10-01
