{
  "table_name": "invoice_items",
  "database_type": "sqlite",
  "row_count": 2240,
  "column_profiles": [
    {
      "column_name": "InvoiceLineId",
      "data_type": "INTEGER",
      "null_count": 0,
      "null_percentage": 0.0,
      "non_null_count": 2240
    },
    {
      "column_name": "InvoiceId",
      "data_type": "INTEGER",
      "null_count": 0,
      "null_percentage": 0.0,
      "non_null_count": 2240
    },
    {
      "column_name": "TrackId",
      "data_type": "INTEGER",
      "null_count": 0,
      "null_percentage": 0.0,
      "non_null_count": 2240
    },
    {
      "column_name": "UnitPrice",
      "data_type": "NUMERIC(10,2)",
      "null_count": 0,
      "null_percentage": 0.0,
      "non_null_count": 2240
    },
    {
      "column_name": "Quantity",
      "data_type": "INTEGER",
      "null_count": 0,
      "null_percentage": 0.0,
      "non_null_count": 2240
    }
  ],
  "profiled_at": "2025-12-03T09:34:23.857367"
}