{
  "table_name": "albums",
  "database_type": "sqlite",
  "row_count": 347,
  "column_profiles": [
    {
      "column_name": "AlbumId",
      "data_type": "INTEGER",
      "null_count": 0,
      "null_percentage": 0.0,
      "non_null_count": 347
    },
    {
      "column_name": "Title",
      "data_type": "NVARCHAR(160)",
      "null_count": 0,
      "null_percentage": 0.0,
      "non_null_count": 347
    },
    {
      "column_name": "ArtistId",
      "data_type": "INTEGER",
      "null_count": 0,
      "null_percentage": 0.0,
      "non_null_count": 347
    }
  ],
  "profiled_at": "2025-12-03T11:47:07.022785"
}