{
  "table_name": "tracks",
  "database_type": "sqlite",
  "row_count": 3503,
  "column_profiles": [
    {
      "column_name": "TrackId",
      "data_type": "INTEGER",
      "null_count": 0,
      "null_percentage": 0.0,
      "non_null_count": 3503
    },
    {
      "column_name": "Name",
      "data_type": "NVARCHAR(200)",
      "null_count": 0,
      "null_percentage": 0.0,
      "non_null_count": 3503
    },
    {
      "column_name": "AlbumId",
      "data_type": "INTEGER",
      "null_count": 0,
      "null_percentage": 0.0,
      "non_null_count": 3503
    },
    {
      "column_name": "MediaTypeId",
      "data_type": "INTEGER",
      "null_count": 0,
      "null_percentage": 0.0,
      "non_null_count": 3503
    },
    {
      "column_name": "GenreId",
      "data_type": "INTEGER",
      "null_count": 0,
      "null_percentage": 0.0,
      "non_null_count": 3503
    },
    {
      "column_name": "Composer",
      "data_type": "NVARCHAR(220)",
      "null_count": 978,
      "null_percentage": 27.92,
      "non_null_count": 2525
    },
    {
      "column_name": "Milliseconds",
      "data_type": "INTEGER",
      "null_count": 0,
      "null_percentage": 0.0,
      "non_null_count": 3503
    },
    {
      "column_name": "Bytes",
      "data_type": "INTEGER",
      "null_count": 0,
      "null_percentage": 0.0,
      "non_null_count": 3503
    },
    {
      "column_name": "UnitPrice",
      "data_type": "NUMERIC(10,2)",
      "null_count": 0,
      "null_percentage": 0.0,
      "non_null_count": 3503
    }
  ],
  "profiled_at": "2025-12-03T09:32:52.290377"
}