{
  "table_name": "invoices",
  "database_type": "sqlite",
  "row_count": 412,
  "column_profiles": [
    {
      "column_name": "InvoiceId",
      "data_type": "INTEGER",
      "null_count": 0,
      "null_percentage": 0.0,
      "non_null_count": 412
    },
    {
      "column_name": "CustomerId",
      "data_type": "INTEGER",
      "null_count": 0,
      "null_percentage": 0.0,
      "non_null_count": 412
    },
    {
      "column_name": "InvoiceDate",
      "data_type": "DATETIME",
      "null_count": 0,
      "null_percentage": 0.0,
      "non_null_count": 412
    },
    {
      "column_name": "BillingAddress",
      "data_type": "NVARCHAR(70)",
      "null_count": 0,
      "null_percentage": 0.0,
      "non_null_count": 412
    },
    {
      "column_name": "BillingCity",
      "data_type": "NVARCHAR(40)",
      "null_count": 0,
      "null_percentage": 0.0,
      "non_null_count": 412
    },
    {
      "column_name": "BillingState",
      "data_type": "NVARCHAR(40)",
      "null_count": 202,
      "null_percentage": 49.03,
      "non_null_count": 210
    },
    {
      "column_name": "BillingCountry",
      "data_type": "NVARCHAR(40)",
      "null_count": 0,
      "null_percentage": 0.0,
      "non_null_count": 412
    },
    {
      "column_name": "BillingPostalCode",
      "data_type": "NVARCHAR(10)",
      "null_count": 28,
      "null_percentage": 6.8,
      "non_null_count": 384
    },
    {
      "column_name": "Total",
      "data_type": "NUMERIC(10,2)",
      "null_count": 0,
      "null_percentage": 0.0,
      "non_null_count": 412
    }
  ],
  "profiled_at": "2025-12-03T09:34:23.853178"
}