{
  "table_name": "customers",
  "database_type": "sqlite",
  "row_count": 59,
  "column_profiles": [
    {
      "column_name": "CustomerId",
      "data_type": "INTEGER",
      "null_count": 0,
      "null_percentage": 0.0,
      "non_null_count": 59
    },
    {
      "column_name": "FirstName",
      "data_type": "NVARCHAR(40)",
      "null_count": 0,
      "null_percentage": 0.0,
      "non_null_count": 59
    },
    {
      "column_name": "LastName",
      "data_type": "NVARCHAR(20)",
      "null_count": 0,
      "null_percentage": 0.0,
      "non_null_count": 59
    },
    {
      "column_name": "Company",
      "data_type": "NVARCHAR(80)",
      "null_count": 49,
      "null_percentage": 83.05,
      "non_null_count": 10
    },
    {
      "column_name": "Address",
      "data_type": "NVARCHAR(70)",
      "null_count": 0,
      "null_percentage": 0.0,
      "non_null_count": 59
    },
    {
      "column_name": "City",
      "data_type": "NVARCHAR(40)",
      "null_count": 0,
      "null_percentage": 0.0,
      "non_null_count": 59
    },
    {
      "column_name": "State",
      "data_type": "NVARCHAR(40)",
      "null_count": 29,
      "null_percentage": 49.15,
      "non_null_count": 30
    },
    {
      "column_name": "Country",
      "data_type": "NVARCHAR(40)",
      "null_count": 0,
      "null_percentage": 0.0,
      "non_null_count": 59
    },
    {
      "column_name": "PostalCode",
      "data_type": "NVARCHAR(10)",
      "null_count": 4,
      "null_percentage": 6.78,
      "non_null_count": 55
    },
    {
      "column_name": "Phone",
      "data_type": "NVARCHAR(24)",
      "null_count": 1,
      "null_percentage": 1.69,
      "non_null_count": 58
    },
    {
      "column_name": "Fax",
      "data_type": "NVARCHAR(24)",
      "null_count": 47,
      "null_percentage": 79.66,
      "non_null_count": 12
    },
    {
      "column_name": "Email",
      "data_type": "NVARCHAR(60)",
      "null_count": 0,
      "null_percentage": 0.0,
      "non_null_count": 59
    },
    {
      "column_name": "SupportRepId",
      "data_type": "INTEGER",
      "null_count": 0,
      "null_percentage": 0.0,
      "non_null_count": 59
    }
  ],
  "profiled_at": "2025-12-03T09:34:23.817212"
}