{
  "table_name": "employees",
  "database_type": "sqlite",
  "row_count": 8,
  "column_profiles": [
    {
      "column_name": "EmployeeId",
      "data_type": "INTEGER",
      "null_count": 0,
      "null_percentage": 0.0,
      "non_null_count": 8
    },
    {
      "column_name": "LastName",
      "data_type": "NVARCHAR(20)",
      "null_count": 0,
      "null_percentage": 0.0,
      "non_null_count": 8
    },
    {
      "column_name": "FirstName",
      "data_type": "NVARCHAR(20)",
      "null_count": 0,
      "null_percentage": 0.0,
      "non_null_count": 8
    },
    {
      "column_name": "Title",
      "data_type": "NVARCHAR(30)",
      "null_count": 0,
      "null_percentage": 0.0,
      "non_null_count": 8
    },
    {
      "column_name": "ReportsTo",
      "data_type": "INTEGER",
      "null_count": 1,
      "null_percentage": 12.5,
      "non_null_count": 7
    },
    {
      "column_name": "BirthDate",
      "data_type": "DATETIME",
      "null_count": 0,
      "null_percentage": 0.0,
      "non_null_count": 8
    },
    {
      "column_name": "HireDate",
      "data_type": "DATETIME",
      "null_count": 0,
      "null_percentage": 0.0,
      "non_null_count": 8
    },
    {
      "column_name": "Address",
      "data_type": "NVARCHAR(70)",
      "null_count": 0,
      "null_percentage": 0.0,
      "non_null_count": 8
    },
    {
      "column_name": "City",
      "data_type": "NVARCHAR(40)",
      "null_count": 0,
      "null_percentage": 0.0,
      "non_null_count": 8
    },
    {
      "column_name": "State",
      "data_type": "NVARCHAR(40)",
      "null_count": 0,
      "null_percentage": 0.0,
      "non_null_count": 8
    },
    {
      "column_name": "Country",
      "data_type": "NVARCHAR(40)",
      "null_count": 0,
      "null_percentage": 0.0,
      "non_null_count": 8
    },
    {
      "column_name": "PostalCode",
      "data_type": "NVARCHAR(10)",
      "null_count": 0,
      "null_percentage": 0.0,
      "non_null_count": 8
    },
    {
      "column_name": "Phone",
      "data_type": "NVARCHAR(24)",
      "null_count": 0,
      "null_percentage": 0.0,
      "non_null_count": 8
    },
    {
      "column_name": "Fax",
      "data_type": "NVARCHAR(24)",
      "null_count": 0,
      "null_percentage": 0.0,
      "non_null_count": 8
    },
    {
      "column_name": "Email",
      "data_type": "NVARCHAR(60)",
      "null_count": 0,
      "null_percentage": 0.0,
      "non_null_count": 8
    }
  ],
  "profiled_at": "2025-12-03T09:34:23.840490"
}