[
    {
        "table_name": "albums",
        "columns": [
            {
                "cid": 0,
                "name": "AlbumId",
                "type": "INTEGER",
                "notnull": true,
                "primary_key": true
            },
            {
                "cid": 1,
                "name": "Title",
                "type": "NVARCHAR(160)",
                "notnull": true,
                "primary_key": false
            },
            {
                "cid": 2,
                "name": "ArtistId",
                "type": "INTEGER",
                "notnull": true,
                "primary_key": false
            }
        ]
    },
    {
        "table_name": "artists",
        "columns": [
            {
                "cid": 0,
                "name": "ArtistId",
                "type": "INTEGER",
                "notnull": true,
                "primary_key": true
            },
            {
                "cid": 1,
                "name": "Name",
                "type": "NVARCHAR(120)",
                "notnull": false,
                "primary_key": false
            }
        ]
    },
    {
        "table_name": "customers",
        "columns": [
            {
                "cid": 0,
                "name": "CustomerId",
                "type": "INTEGER",
                "notnull": true,
                "primary_key": true
            },
            {
                "cid": 1,
                "name": "FirstName",
                "type": "NVARCHAR(40)",
                "notnull": true,
                "primary_key": false
            },
            {
                "cid": 2,
                "name": "LastName",
                "type": "NVARCHAR(20)",
                "notnull": true,
                "primary_key": false
            },
            {
                "cid": 3,
                "name": "Company",
                "type": "NVARCHAR(80)",
                "notnull": false,
                "primary_key": false
            },
            {
                "cid": 4,
                "name": "Address",
                "type": "NVARCHAR(70)",
                "notnull": false,
                "primary_key": false
            },
            {
                "cid": 5,
                "name": "City",
                "type": "NVARCHAR(40)",
                "notnull": false,
                "primary_key": false
            },
            {
                "cid": 6,
                "name": "State",
                "type": "NVARCHAR(40)",
                "notnull": false,
                "primary_key": false
            },
            {
                "cid": 7,
                "name": "Country",
                "type": "NVARCHAR(40)",
                "notnull": false,
                "primary_key": false
            },
            {
                "cid": 8,
                "name": "PostalCode",
                "type": "NVARCHAR(10)",
                "notnull": false,
                "primary_key": false
            },
            {
                "cid": 9,
                "name": "Phone",
                "type": "NVARCHAR(24)",
                "notnull": false,
                "primary_key": false
            },
            {
                "cid": 10,
                "name": "Fax",
                "type": "NVARCHAR(24)",
                "notnull": false,
                "primary_key": false
            },
            {
                "cid": 11,
                "name": "Email",
                "type": "NVARCHAR(60)",
                "notnull": true,
                "primary_key": false
            },
            {
                "cid": 12,
                "name": "SupportRepId",
                "type": "INTEGER",
                "notnull": false,
                "primary_key": false
            }
        ]
    },
    {
        "table_name": "employees",
        "columns": [
            {
                "cid": 0,
                "name": "EmployeeId",
                "type": "INTEGER",
                "notnull": true,
                "primary_key": true
            },
            {
                "cid": 1,
                "name": "LastName",
                "type": "NVARCHAR(20)",
                "notnull": true,
                "primary_key": false
            },
            {
                "cid": 2,
                "name": "FirstName",
                "type": "NVARCHAR(20)",
                "notnull": true,
                "primary_key": false
            },
            {
                "cid": 3,
                "name": "Title",
                "type": "NVARCHAR(30)",
                "notnull": false,
                "primary_key": false
            },
            {
                "cid": 4,
                "name": "ReportsTo",
                "type": "INTEGER",
                "notnull": false,
                "primary_key": false
            },
            {
                "cid": 5,
                "name": "BirthDate",
                "type": "DATETIME",
                "notnull": false,
                "primary_key": false
            },
            {
                "cid": 6,
                "name": "HireDate",
                "type": "DATETIME",
                "notnull": false,
                "primary_key": false
            },
            {
                "cid": 7,
                "name": "Address",
                "type": "NVARCHAR(70)",
                "notnull": false,
                "primary_key": false
            },
            {
                "cid": 8,
                "name": "City",
                "type": "NVARCHAR(40)",
                "notnull": false,
                "primary_key": false
            },
            {
                "cid": 9,
                "name": "State",
                "type": "NVARCHAR(40)",
                "notnull": false,
                "primary_key": false
            },
            {
                "cid": 10,
                "name": "Country",
                "type": "NVARCHAR(40)",
                "notnull": false,
                "primary_key": false
            },
            {
                "cid": 11,
                "name": "PostalCode",
                "type": "NVARCHAR(10)",
                "notnull": false,
                "primary_key": false
            },
            {
                "cid": 12,
                "name": "Phone",
                "type": "NVARCHAR(24)",
                "notnull": false,
                "primary_key": false
            },
            {
                "cid": 13,
                "name": "Fax",
                "type": "NVARCHAR(24)",
                "notnull": false,
                "primary_key": false
            },
            {
                "cid": 14,
                "name": "Email",
                "type": "NVARCHAR(60)",
                "notnull": false,
                "primary_key": false
            }
        ]
    },
    {
        "table_name": "genres",
        "columns": [
            {
                "cid": 0,
                "name": "GenreId",
                "type": "INTEGER",
                "notnull": true,
                "primary_key": true
            },
            {
                "cid": 1,
                "name": "Name",
                "type": "NVARCHAR(120)",
                "notnull": false,
                "primary_key": false
            }
        ]
    },
    {
        "table_name": "invoice_items",
        "columns": [
            {
                "cid": 0,
                "name": "InvoiceLineId",
                "type": "INTEGER",
                "notnull": true,
                "primary_key": true
            },
            {
                "cid": 1,
                "name": "InvoiceId",
                "type": "INTEGER",
                "notnull": true,
                "primary_key": false
            },
            {
                "cid": 2,
                "name": "TrackId",
                "type": "INTEGER",
                "notnull": true,
                "primary_key": false
            },
            {
                "cid": 3,
                "name": "UnitPrice",
                "type": "NUMERIC(10,2)",
                "notnull": true,
                "primary_key": false
            },
            {
                "cid": 4,
                "name": "Quantity",
                "type": "INTEGER",
                "notnull": true,
                "primary_key": false
            }
        ]
    },
    {
        "table_name": "invoices",
        "columns": [
            {
                "cid": 0,
                "name": "InvoiceId",
                "type": "INTEGER",
                "notnull": true,
                "primary_key": true
            },
            {
                "cid": 1,
                "name": "CustomerId",
                "type": "INTEGER",
                "notnull": true,
                "primary_key": false
            },
            {
                "cid": 2,
                "name": "InvoiceDate",
                "type": "DATETIME",
                "notnull": true,
                "primary_key": false
            },
            {
                "cid": 3,
                "name": "BillingAddress",
                "type": "NVARCHAR(70)",
                "notnull": false,
                "primary_key": false
            },
            {
                "cid": 4,
                "name": "BillingCity",
                "type": "NVARCHAR(40)",
                "notnull": false,
                "primary_key": false
            },
            {
                "cid": 5,
                "name": "BillingState",
                "type": "NVARCHAR(40)",
                "notnull": false,
                "primary_key": false
            },
            {
                "cid": 6,
                "name": "BillingCountry",
                "type": "NVARCHAR(40)",
                "notnull": false,
                "primary_key": false
            },
            {
                "cid": 7,
                "name": "BillingPostalCode",
                "type": "NVARCHAR(10)",
                "notnull": false,
                "primary_key": false
            },
            {
                "cid": 8,
                "name": "Total",
                "type": "NUMERIC(10,2)",
                "notnull": true,
                "primary_key": false
            }
        ]
    },
    {
        "table_name": "media_types",
        "columns": [
            {
                "cid": 0,
                "name": "MediaTypeId",
                "type": "INTEGER",
                "notnull": true,
                "primary_key": true
            },
            {
                "cid": 1,
                "name": "Name",
                "type": "NVARCHAR(120)",
                "notnull": false,
                "primary_key": false
            }
        ]
    },
    {
        "table_name": "playlist_track",
        "columns": [
            {
                "cid": 0,
                "name": "PlaylistId",
                "type": "INTEGER",
                "notnull": true,
                "primary_key": true
            },
            {
                "cid": 1,
                "name": "TrackId",
                "type": "INTEGER",
                "notnull": true,
                "primary_key": true
            }
        ]
    },
    {
        "table_name": "playlists",
        "columns": [
            {
                "cid": 0,
                "name": "PlaylistId",
                "type": "INTEGER",
                "notnull": true,
                "primary_key": true
            },
            {
                "cid": 1,
                "name": "Name",
                "type": "NVARCHAR(120)",
                "notnull": false,
                "primary_key": false
            }
        ]
    },
    {
        "table_name": "sqlite_sequence",
        "columns": [
            {
                "cid": 0,
                "name": "name",
                "type": "",
                "notnull": false,
                "primary_key": false
            },
            {
                "cid": 1,
                "name": "seq",
                "type": "",
                "notnull": false,
                "primary_key": false
            }
        ]
    },
    {
        "table_name": "sqlite_stat1",
        "columns": [
            {
                "cid": 0,
                "name": "tbl",
                "type": "",
                "notnull": false,
                "primary_key": false
            },
            {
                "cid": 1,
                "name": "idx",
                "type": "",
                "notnull": false,
                "primary_key": false
            },
            {
                "cid": 2,
                "name": "stat",
                "type": "",
                "notnull": false,
                "primary_key": false
            }
        ]
    },
    {
        "table_name": "tracks",
        "columns": [
            {
                "cid": 0,
                "name": "TrackId",
                "type": "INTEGER",
                "notnull": true,
                "primary_key": true
            },
            {
                "cid": 1,
                "name": "Name",
                "type": "NVARCHAR(200)",
                "notnull": true,
                "primary_key": false
            },
            {
                "cid": 2,
                "name": "AlbumId",
                "type": "INTEGER",
                "notnull": false,
                "primary_key": false
            },
            {
                "cid": 3,
                "name": "MediaTypeId",
                "type": "INTEGER",
                "notnull": true,
                "primary_key": false
            },
            {
                "cid": 4,
                "name": "GenreId",
                "type": "INTEGER",
                "notnull": false,
                "primary_key": false
            },
            {
                "cid": 5,
                "name": "Composer",
                "type": "NVARCHAR(220)",
                "notnull": false,
                "primary_key": false
            },
            {
                "cid": 6,
                "name": "Milliseconds",
                "type": "INTEGER",
                "notnull": true,
                "primary_key": false
            },
            {
                "cid": 7,
                "name": "Bytes",
                "type": "INTEGER",
                "notnull": false,
                "primary_key": false
            },
            {
                "cid": 8,
                "name": "UnitPrice",
                "type": "NUMERIC(10,2)",
                "notnull": true,
                "primary_key": false
            }
        ]
    }
]